Seats,Displacement,Length,Width,Height,Wheelbase,No_of_Cylinders,Fuel Tank Capacity,Boot Space,Fuel Efficiency,Engine Size,Horsepower,Maker_Citroen,Maker_Honda,Maker_Hyundai,Maker_Kia,Maker_Mahindra,Maker_Nissan,Maker_Renault,Maker_Tata,Maker_Toyota,Maker_Volkswagen,Type_Compact SUV,Type_Compact Sedan,Type_Hatchback,Type_MPV,Type_MUV,Type_Mid Size SUV,Type_SUV,Type_Sedan,Type_Sports Car,Fuel_Diesel,Fuel_Petrol,Fuel_Petrol + CNG,Fuel_Petrol Hybrid,Transmission_4 AT,Transmission_5 MT,Transmission_6  iMT,Transmission_6 AT,Transmission_6 MT,Transmission_6 MT with iMT,Transmission_6 TC Automatic,Transmission_6 iMT,Transmission_6-Speed AT,Transmission_6-Speed DCT,Transmission_6-Speed MT,Transmission_7 DCT,Transmission_7-Speed CVT,Transmission_7-Speed DSG,Transmission_7-Speed DSG 4MOTION,Transmission_8 AT,Transmission_AMT,Transmission_CVT,Transmission_DCT,Transmission_IVT,Transmission_MT,Transmission_Single,Transmission_iMT,Drive_2 WD,Drive_2WD,Drive_4 WD,Drive_4WD,Drive_AWD,Emission Type_BS VI,Emission Type_Euro 6
-0.5326065107226267,-1.1910103846443432,0.7237171892912877,-0.6137363440013351,-1.1777565625765836,0.13592652205105257,-2.2406831897938617,-0.33987512703104755,1.4337660381518014,19.4,-1.1910103846443432,-1.3022775797518462,False,False,False,False,False,False,False,False,False,True,False,False,False,False,False,False,False,True,False,False,True,False,False,False,False,False,False,False,False,False,False,False,False,True,False,False,False,False,False,False,False,False,False,False,False,False,False,True,False,False,False,True,False
-0.5326065107226267,-1.1910103846443432,0.7237171892912877,-0.6137363440013351,-1.1777565625765836,0.13592652205105257,-2.2406831897938617,-0.33987512703104755,1.4337660381518014,18.12,-1.1910103846443432,-1.3022775797518462,False,False,False,False,False,False,False,False,False,True,False,False,False,False,False,False,False,True,False,False,True,False,False,False,False,False,False,False,False,False,False,True,False,False,False,False,False,False,False,False,False,False,False,False,False,False,False,True,False,False,False,True,False
-0.5326065107226267,-0.19901475456619777,0.7237171892912877,-0.6137363440013351,-1.1777565625765836,0.13592652205105257,0.33195306515464584,-0.33987512703104755,1.4337660381518014,18.67,-0.19901475456619794,-0.38950550350458973,False,False,False,False,False,False,False,False,False,True,False,False,False,False,False,False,False,True,False,False,True,False,False,False,False,False,False,False,False,False,False,False,False,False,False,False,True,False,False,False,False,False,False,False,False,False,False,True,False,False,False,True,False
-0.5326065107226267,-1.1910103846443432,-0.3206392147517245,-0.5125351383415405,-0.33768170365850086,0.13592652205105257,-2.2406831897938617,0.1162343508028257,0.07018435151792034,19.2,-1.1910103846443432,-1.3022775797518462,False,False,False,False,False,False,False,False,False,True,False,False,False,False,False,True,False,False,False,False,True,False,False,False,False,False,False,False,False,False,False,False,False,True,False,False,False,False,False,False,False,False,False,False,False,False,False,True,False,False,False,True,False
-0.5326065107226267,-1.1910103846443432,-0.3206392147517245,-0.5125351383415405,-0.33768170365850086,0.13592652205105257,-2.2406831897938617,0.1162343508028257,0.07018435151792034,17.23,-1.1910103846443432,-1.3022775797518462,False,False,False,False,False,False,False,False,False,True,False,False,False,False,False,True,False,False,False,False,True,False,False,False,False,False,False,False,False,False,False,True,False,False,False,False,False,False,False,False,False,False,False,False,False,False,False,True,False,False,False,True,False
-0.5326065107226267,-0.19901475456619777,-0.3206392147517245,-0.5125351383415405,-0.33768170365850086,0.13592652205105257,-2.2406831897938617,0.1162343508028257,0.07018435151792034,18.47,-0.19901475456619794,-0.38950550350458973,False,False,False,False,False,False,False,False,False,True,False,False,False,False,False,True,False,False,False,False,True,False,False,False,False,False,False,False,False,False,False,False,False,True,False,False,False,False,False,False,False,False,False,False,False,False,False,True,False,False,False,True,False
-0.5326065107226267,-0.19901475456619777,-0.3206392147517245,-0.5125351383415405,-0.33768170365850086,0.13592652205105257,-2.2406831897938617,0.1162343508028257,0.07018435151792034,17.88,-0.19901475456619794,-0.38950550350458973,False,False,False,False,False,False,False,False,False,True,False,False,False,False,False,True,False,False,False,False,True,False,False,False,False,False,False,False,False,False,False,False,False,False,False,False,True,False,False,False,False,False,False,False,False,False,False,True,False,False,False,True,False
-0.5326065107226267,0.7671373019828577,0.5639920922023565,0.4868267675489318,0.08635608227157893,0.35433492845666753,0.33195306515464584,1.028453306470572,2.3862679516092915,12.65,0.7671373019828573,0.6536625836351321,False,False,False,False,False,False,False,False,False,True,False,False,False,False,False,False,True,False,False,False,True,False,False,False,False,False,False,False,False,False,False,False,False,False,False,False,False,True,False,False,False,False,False,False,False,False,False,True,False,False,False,True,False
-0.5326065107226267,-0.7934169457352669,-1.0148290597920797,-1.3347949343273722,-1.2257608402290454,-1.2759278193566725,0.33195306515464584,-1.252094082698794,0.42110610910752205,18.6,-0.7934169457352669,-0.38950550350458973,False,True,False,False,False,False,False,False,False,False,False,True,False,False,False,False,False,False,False,False,True,False,False,False,True,False,False,False,False,False,False,False,False,False,False,False,False,False,False,False,False,False,False,False,False,False,False,True,False,False,False,True,False
-0.5326065107226267,-0.7934169457352669,-1.0148290597920797,-1.3347949343273722,-1.2257608402290454,-1.2759278193566725,0.33195306515464584,-1.252094082698794,0.42110610910752205,18.3,-0.7934169457352669,-0.38950550350458973,False,True,False,False,False,False,False,False,False,False,False,True,False,False,False,False,False,False,False,False,True,False,False,False,False,False,False,False,False,False,False,False,False,False,False,False,False,False,False,False,True,False,False,False,False,False,False,True,False,False,False,True,False
-0.5326065107226267,-0.19901475456619777,-1.0148290597920797,-1.3347949343273722,-1.2257608402290454,-1.2759278193566725,0.33195306515464584,-1.252094082698794,0.42110610910752205,24.7,-0.19901475456619794,-0.38950550350458973,False,True,False,False,False,False,False,False,False,False,False,True,False,False,False,False,False,False,False,True,False,False,False,False,True,False,False,False,False,False,False,False,False,False,False,False,False,False,False,False,False,False,False,False,False,False,False,True,False,False,False,True,False
-0.5326065107226267,-0.19901475456619777,-1.0148290597920797,-1.3347949343273722,-1.2257608402290454,-1.2759278193566725,0.33195306515464584,-1.252094082698794,0.42110610910752205,21.0,-0.19901475456619794,-0.38950550350458973,False,True,False,False,False,False,False,False,False,False,False,True,False,False,False,False,False,False,False,True,False,False,False,False,False,False,False,False,False,False,False,False,False,False,False,False,False,False,False,False,True,False,False,False,False,False,False,True,False,False,False,True,False
-0.5326065107226267,-0.19901475456619777,0.6868575515015344,-0.6643369468312326,-1.321769395533969,-0.26188878961631745,0.33195306515464584,-0.7959846048649207,1.2833709991848292,17.8,-0.19901475456619794,-0.38950550350458973,False,True,False,False,False,False,False,False,False,False,False,False,False,False,False,False,False,True,False,False,True,False,False,False,False,False,False,True,False,False,False,False,False,False,False,False,False,False,False,False,False,False,False,False,False,False,False,True,False,False,False,True,False
-0.5326065107226267,-0.19901475456619777,0.6868575515015344,-0.6643369468312326,-1.321769395533969,-0.26188878961631745,0.33195306515464584,-0.7959846048649207,1.2833709991848292,18.4,-0.19901475456619794,-0.38950550350458973,False,True,False,False,False,False,False,False,False,False,False,False,False,False,False,False,False,True,False,False,True,False,False,False,False,False,False,False,False,False,False,False,False,False,False,False,False,False,False,False,True,False,False,False,False,False,False,True,False,False,False,True,False
-0.5326065107226267,-0.19901475456619777,0.6868575515015344,-0.6643369468312326,-1.321769395533969,-0.26188878961631745,0.33195306515464584,-0.7959846048649207,1.2833709991848292,24.1,-0.19901475456619794,-0.38950550350458973,False,True,False,False,False,False,False,False,False,False,False,False,False,False,False,False,False,True,False,True,False,False,False,False,False,False,False,True,False,False,False,False,False,False,False,False,False,False,False,False,False,False,False,False,False,False,False,True,False,False,False,True,False
-0.5326065107226267,-0.19901475456619777,0.6868575515015344,-0.6643369468312326,-1.321769395533969,-0.26188878961631745,0.33195306515464584,-0.7959846048649207,1.2833709991848292,26.5,-0.19901475456619794,-0.38950550350458973,False,True,False,False,False,False,False,False,False,False,False,False,False,False,False,False,False,True,False,False,False,False,True,False,False,False,False,False,False,False,False,False,False,False,False,False,False,False,False,False,False,False,False,False,True,False,False,True,False,False,False,True,False
-0.5326065107226267,-0.20100272176074316,0.3520491749112746,-1.3347949343273722,-1.2737651178815073,-0.26188878961631745,0.33195306515464584,-0.7959846048649207,1.323476342909355,17.4,-0.2010027217607431,-0.38950550350458973,False,True,False,False,False,False,False,False,False,False,False,False,False,False,False,False,False,True,False,False,True,False,False,False,True,False,False,False,False,False,False,False,False,False,False,False,False,False,False,False,False,False,False,False,False,False,False,True,False,False,False,True,False
-0.5326065107226267,-0.7934169457352669,-1.002542513862162,-0.8414390567358732,-0.4256895460213476,-0.6129022999110557,0.33195306515464584,-0.7959846048649207,-0.15039503896697218,16.5,-0.7934169457352669,-0.38950550350458973,False,True,False,False,False,False,False,False,False,False,True,False,False,False,False,False,False,False,False,False,True,False,False,False,True,False,False,False,False,False,False,False,False,False,False,False,False,False,False,False,False,False,False,False,False,False,False,True,False,False,False,True,False
-0.5326065107226267,-0.19901475456619777,-1.002542513862162,-0.8414390567358732,-0.4256895460213476,-0.6129022999110557,0.33195306515464584,-0.7959846048649207,-0.15039503896697218,23.7,-0.19901475456619794,-0.38950550350458973,False,True,False,False,False,False,False,False,False,False,True,False,False,False,False,False,False,False,False,True,False,False,False,False,False,False,False,True,False,False,False,False,False,False,False,False,False,False,False,False,False,False,False,False,False,False,False,True,False,False,False,True,False
-0.5326065107226267,-0.7934169457352669,-1.0332588786869563,-1.3474450850348465,-0.8817301837197353,-0.8079098056303547,0.33195306515464584,-0.7959846048649207,-0.24063206234715545,16.6,-0.7934169457352669,-0.38950550350458973,False,True,False,False,False,False,False,False,False,False,False,False,True,False,False,False,False,False,False,False,True,False,False,False,True,False,False,False,False,False,False,False,False,False,False,False,False,False,False,False,False,False,False,False,False,False,False,True,False,False,False,True,False
-0.5326065107226267,-0.7934169457352669,-1.0332588786869563,-1.3474450850348465,-0.8817301837197353,-0.8079098056303547,0.33195306515464584,-0.7959846048649207,-0.24063206234715545,17.1,-0.7934169457352669,-0.38950550350458973,False,True,False,False,False,False,False,False,False,False,False,False,True,False,False,False,False,False,False,False,True,False,False,False,False,False,False,False,False,False,False,False,False,False,False,True,False,False,False,False,False,False,False,False,False,False,False,True,False,False,False,True,False
-0.5326065107226267,-0.5329932432498219,0.1800375318924255,0.15792284915459912,0.11835893403988684,0.30753312708403574,0.33195306515464584,0.1162343508028257,0.2205793904848925,16.0,-0.5329932432498219,-0.38950550350458973,False,False,False,False,False,True,False,False,False,False,False,False,False,False,False,False,True,False,False,False,True,False,False,False,False,False,False,True,False,False,False,False,False,False,False,False,False,False,False,False,False,False,False,False,False,False,True,False,False,False,False,True,False
-0.5326065107226267,-0.5329932432498219,0.1800375318924255,0.15792284915459912,0.11835893403988684,0.30753312708403574,0.33195306515464584,0.1162343508028257,0.2205793904848925,16.0,-0.5329932432498219,-0.38950550350458973,False,False,False,False,False,True,False,False,False,False,False,False,False,False,False,False,True,False,False,False,True,False,False,False,False,False,False,False,False,False,False,False,False,False,False,False,False,False,False,False,True,False,False,False,False,False,True,False,False,False,False,True,False
-0.5326065107226267,-0.19901475456619777,0.1800375318924255,0.15792284915459912,0.11835893403988684,0.30753312708403574,0.33195306515464584,0.1162343508028257,0.2205793904848925,13.9,-0.19901475456619794,-0.38950550350458973,False,False,False,False,False,True,False,False,False,False,False,False,False,False,False,False,True,False,False,False,True,False,False,False,True,False,False,False,False,False,False,False,False,False,False,False,False,False,False,False,False,False,False,False,False,False,True,False,False,False,False,True,False
-3.4809639807943094,4.375297760082725,1.1813910251807254,1.1952352071674943,-2.2738542356411293,1.1421652515626357,5.477225575051661,2.3055598444054173,-0.631659163661283,10.16,4.3752977600827245,1.9576226925597844,False,False,False,False,False,True,False,False,False,False,False,False,False,False,False,False,False,False,True,False,True,False,False,False,False,False,False,False,False,False,False,False,True,False,False,False,False,False,False,False,False,False,False,False,False,False,False,False,True,False,False,False,True
-0.5326065107226267,-1.1910103846443432,-1.0179006962745591,-0.5378354397564892,-0.65771022134158,-1.0419188124935137,-2.2406831897938617,-0.7959846048649207,-0.42110610910752205,18.75,-1.1910103846443432,-1.3022775797518462,False,False,False,False,False,True,False,False,False,False,True,False,False,False,False,False,False,False,False,False,True,False,False,False,True,False,False,False,False,False,False,False,False,False,False,False,False,False,False,False,False,False,False,False,False,False,True,False,False,False,False,True,False
-0.5326065107226267,-1.1910103846443432,-1.0179006962745591,-0.5378354397564892,-0.65771022134158,-1.0419188124935137,-2.2406831897938617,-0.7959846048649207,-0.42110610910752205,20.0,-1.1910103846443432,-1.3022775797518462,False,False,False,False,False,True,False,False,False,False,True,False,False,False,False,False,False,False,False,False,True,False,False,False,True,False,False,False,False,False,False,False,False,False,False,False,False,False,False,False,False,False,False,False,False,False,True,False,False,False,False,True,False
-0.5326065107226267,-1.1910103846443432,-1.0179006962745591,-0.5378354397564892,-0.65771022134158,-1.0419188124935137,-2.2406831897938617,-0.7959846048649207,-0.42110610910752205,17.7,-1.1910103846443432,-1.3022775797518462,False,False,False,False,False,True,False,False,False,False,True,False,False,False,False,False,False,False,False,False,True,False,False,False,False,False,False,False,False,False,False,False,False,False,False,False,False,False,False,False,True,False,False,False,False,False,True,False,False,False,False,True,False
-0.5326065107226267,-1.1910103846443432,-1.0271156057219974,-0.6390366454162839,-0.3936866942530397,-1.0419188124935137,-2.2406831897938617,-0.7959846048649207,0.2707110701405499,18.2,-1.1910103846443432,-1.3022775797518462,False,False,False,False,False,False,True,False,False,False,True,False,False,False,False,False,False,False,False,False,True,False,False,False,False,False,False,False,False,False,False,False,False,False,False,False,False,False,False,False,True,False,False,False,False,False,True,False,False,False,False,True,False
-0.5326065107226267,-1.1910103846443432,-1.0271156057219974,-0.6390366454162839,-0.3936866942530397,-1.0419188124935137,-2.2406831897938617,-0.7959846048649207,0.2707110701405499,20.5,-1.1910103846443432,-1.3022775797518462,False,False,False,False,False,False,True,False,False,False,True,False,False,False,False,False,False,False,False,False,True,False,False,False,True,False,False,False,False,False,False,False,False,False,False,False,False,False,False,False,False,False,False,False,False,False,True,False,False,False,False,True,False
-0.5326065107226267,-1.1910103846443432,-1.0271156057219974,-0.6390366454162839,-0.3936866942530397,-1.0419188124935137,-2.2406831897938617,-0.7959846048649207,0.2707110701405499,19.1,-1.1910103846443432,-1.3022775797518462,False,False,False,False,False,False,True,False,False,False,True,False,False,False,False,False,False,False,False,False,True,False,False,False,True,False,False,False,False,False,False,False,False,False,False,False,False,False,False,False,False,False,False,False,False,False,True,False,False,False,False,True,False
-0.5326065107226267,-1.1910103846443432,-1.0271156057219974,-0.6390366454162839,-0.3936866942530397,-1.0419188124935137,-2.2406831897938617,-0.7959846048649207,0.2707110701405499,19.0,-1.1910103846443432,-1.3022775797518462,False,False,False,False,False,False,True,False,False,False,True,False,False,False,False,False,False,False,False,False,True,False,False,False,False,False,False,False,False,False,False,False,False,False,False,False,False,False,False,True,False,False,False,False,False,False,True,False,False,False,False,True,False
1.4329651359918285,-1.1910103846443432,-1.0271156057219974,-0.7781883031985015,-0.08965960245411457,0.018922018619473156,-2.2406831897938617,-0.7959846048649207,2.476504974989475,19.0,-1.1910103846443432,-1.3022775797518462,False,False,False,False,False,False,True,False,False,False,False,False,False,False,True,False,False,False,False,False,True,False,False,False,True,False,False,False,False,False,False,False,False,False,False,False,False,False,False,False,False,False,False,False,False,False,True,False,False,False,False,True,False
1.4329651359918285,-1.1910103846443432,-1.0271156057219974,-0.7781883031985015,-0.08965960245411457,0.018922018619473156,-2.2406831897938617,-0.7959846048649207,2.476504974989475,18.2,-1.1910103846443432,-1.3022775797518462,False,False,False,False,False,False,True,False,False,False,False,False,False,False,True,False,False,False,False,False,True,False,False,False,False,False,False,False,False,False,False,False,False,False,False,False,False,False,False,True,False,False,False,False,False,False,True,False,False,False,False,True,False
-0.5326065107226267,-1.5886038235534194,-1.8257410911666538,-2.802212416394395,-1.3137686825918922,-1.6503422303377266,-2.2406831897938617,-1.8906473516662166,-0.9926072571820163,20.7,-1.5886038235534194,-1.3022775797518462,False,False,False,False,False,False,True,False,False,False,False,False,True,False,False,False,False,False,False,False,True,False,False,False,True,False,False,False,False,False,False,False,False,False,False,False,False,False,False,False,False,False,False,False,False,False,True,False,False,False,False,True,False
-0.5326065107226267,-1.1910103846443432,-1.8257410911666538,-2.802212416394395,-1.3137686825918922,-1.6503422303377266,-2.2406831897938617,-1.8906473516662166,-0.9926072571820163,21.7,-1.1910103846443432,-1.3022775797518462,False,False,False,False,False,False,True,False,False,False,False,False,True,False,False,False,False,False,False,False,True,False,False,False,True,False,False,False,False,False,False,False,False,False,False,False,False,False,False,False,False,False,False,False,False,False,True,False,False,False,False,True,False
-0.5326065107226267,-1.1910103846443432,-1.8257410911666538,-2.802212416394395,-1.3137686825918922,-1.6503422303377266,-2.2406831897938617,-1.8906473516662166,-0.9926072571820163,22.0,-1.1910103846443432,-1.3022775797518462,False,False,False,False,False,False,True,False,False,False,False,False,True,False,False,False,False,False,False,False,True,False,False,False,False,False,False,False,False,False,False,False,False,False,False,False,False,False,False,True,False,False,False,False,False,False,True,False,False,False,False,True,False
-0.5326065107226267,-0.7954049129298122,-1.057831970546792,-0.8540892074433475,-0.4016874071951167,-0.7299068033426351,-2.2406831897938617,-1.7082035605326673,-0.631659163661283,19.8,-0.7954049129298124,-0.38950550350458973,True,False,False,False,False,False,False,False,False,False,False,False,True,False,False,False,False,False,False,False,True,False,False,False,True,False,False,False,False,False,False,False,False,False,False,False,False,False,False,False,False,False,False,False,False,False,True,False,False,False,False,True,False
-0.5326065107226267,-0.7934169457352669,-1.057831970546792,-0.8540892074433475,-0.4016874071951167,-0.7299068033426351,-2.2406831897938617,-1.7082035605326673,-0.631659163661283,19.4,-0.7934169457352669,-0.38950550350458973,True,False,False,False,False,False,False,False,False,False,False,False,True,False,False,False,False,False,False,False,True,False,False,False,False,False,False,True,False,False,False,False,False,False,False,False,False,False,False,False,False,False,False,False,False,False,True,False,False,False,False,True,False
-0.5326065107226267,0.7929808755119476,0.5363473638600414,3.7758659514922583,0.44638816466504294,0.7521502401240375,0.33195306515464584,0.3442890897197623,2.0253198580885585,18.6,0.7929808755119476,0.6536625836351321,True,False,False,False,False,False,False,False,False,False,False,False,False,False,False,False,True,False,False,True,False,False,False,False,False,False,False,False,False,False,False,False,False,False,False,False,False,False,True,False,False,False,False,False,False,False,True,False,False,False,False,True,False
0.450179312634601,0.7989447770955838,1.0339524740217119,1.4735385227319298,1.6224929671503585,0.9081562446994768,0.33195306515464584,0.7547876197702482,0.8221595463527812,18.02894736842105,0.7989447770955835,0.6536625836351321,False,False,False,False,True,False,False,False,False,False,False,False,False,False,False,False,True,False,False,False,True,False,False,False,False,False,False,True,False,False,False,False,False,False,False,False,False,False,False,False,False,False,False,False,False,False,False,True,False,False,False,True,False
0.450179312634601,0.7989447770955838,1.0339524740217119,1.4735385227319298,1.6224929671503585,0.9081562446994768,0.33195306515464584,0.7547876197702482,0.8221595463527812,18.02894736842105,0.7989447770955835,0.6536625836351321,False,False,False,False,True,False,False,False,False,False,False,False,False,False,False,False,True,False,False,False,True,False,False,False,False,False,True,False,False,False,False,False,False,False,False,False,False,False,False,False,False,False,False,False,False,False,False,True,False,False,False,True,False
1.4329651359918285,0.7989447770955838,1.0339524740217119,1.4735385227319298,1.6224929671503585,0.9081562446994768,0.33195306515464584,0.7547876197702482,0.8221595463527812,18.02894736842105,0.7989447770955835,0.6536625836351321,False,False,False,False,True,False,False,False,False,False,False,False,False,False,False,False,True,False,False,False,True,False,False,False,False,False,False,True,False,False,False,False,False,False,False,False,False,False,False,False,False,False,False,False,False,False,False,True,False,False,False,True,False
1.4329651359918285,0.7989447770955838,1.0339524740217119,1.4735385227319298,1.6224929671503585,0.9081562446994768,0.33195306515464584,0.7547876197702482,0.8221595463527812,18.02894736842105,0.7989447770955835,0.6536625836351321,False,False,False,False,True,False,False,False,False,False,False,False,False,False,False,False,True,False,False,False,True,False,False,False,False,False,True,False,False,False,False,False,False,False,False,False,False,False,False,False,False,False,False,False,False,False,False,True,False,False,False,True,False
0.450179312634601,0.7989447770955838,1.0339524740217119,1.4735385227319298,1.6224929671503585,0.9081562446994768,0.33195306515464584,0.7547876197702482,0.8221595463527812,18.02894736842105,0.7989447770955835,0.6536625836351321,False,False,False,False,True,False,False,False,False,False,False,False,False,False,False,False,True,False,False,True,False,False,False,False,False,False,False,True,False,False,False,False,False,False,False,False,False,False,False,False,False,False,False,False,False,False,False,True,False,False,False,True,False
0.450179312634601,0.7989447770955838,1.0339524740217119,1.4735385227319298,1.6224929671503585,0.9081562446994768,0.33195306515464584,0.7547876197702482,0.8221595463527812,18.02894736842105,0.7989447770955835,0.6536625836351321,False,False,False,False,True,False,False,False,False,False,False,False,False,False,False,False,True,False,False,True,False,False,False,False,False,False,True,False,False,False,False,False,False,False,False,False,False,False,False,False,False,False,False,False,False,False,False,True,False,False,False,True,False
1.4329651359918285,0.7989447770955838,1.0339524740217119,1.4735385227319298,1.6224929671503585,0.9081562446994768,0.33195306515464584,0.7547876197702482,0.8221595463527812,18.02894736842105,0.7989447770955835,0.6536625836351321,False,False,False,False,True,False,False,False,False,False,False,False,False,False,False,False,True,False,False,True,False,False,False,False,False,False,False,True,False,False,False,False,False,False,False,False,False,False,False,False,False,False,False,False,False,False,False,True,False,False,False,True,False
1.4329651359918285,0.7989447770955838,1.0339524740217119,1.4735385227319298,1.6224929671503585,0.9081562446994768,0.33195306515464584,0.7547876197702482,0.8221595463527812,18.02894736842105,0.7989447770955835,0.6536625836351321,False,False,False,False,True,False,False,False,False,False,False,False,False,False,False,False,True,False,False,True,False,False,False,False,False,False,True,False,False,False,False,False,False,False,False,False,False,False,False,False,False,False,False,False,False,False,False,True,False,False,False,True,False
1.4329651359918285,0.7989447770955838,1.0339524740217119,1.4735385227319298,1.6224929671503585,0.9081562446994768,0.33195306515464584,0.7547876197702482,0.8221595463527812,18.02894736842105,0.7989447770955835,0.6536625836351321,False,False,False,False,True,False,False,False,False,False,False,False,False,False,False,False,True,False,False,True,False,False,False,False,False,False,False,True,False,False,False,False,False,False,False,False,False,False,False,False,False,False,False,False,False,False,False,False,False,True,False,True,False
1.4329651359918285,0.7989447770955838,1.0339524740217119,1.4735385227319298,1.6224929671503585,0.9081562446994768,0.33195306515464584,0.7547876197702482,0.8221595463527812,18.02894736842105,0.7989447770955835,0.6536625836351321,False,False,False,False,True,False,False,False,False,False,False,False,False,False,False,False,True,False,False,True,False,False,False,False,False,False,True,False,False,False,False,False,False,False,False,False,False,False,False,False,False,False,False,False,False,False,False,False,False,True,False,True,False
1.4329651359918285,1.1647307408919338,0.40119535863094574,0.24647390410691944,2.7265913531569814,0.36213522868543946,0.33195306515464584,1.028453306470572,0.8221595463527812,18.02894736842105,1.164730740891934,1.9576226925597844,False,False,False,False,True,False,False,False,False,False,False,False,False,False,False,False,True,False,False,True,False,False,False,False,False,False,False,True,False,False,False,False,False,False,False,False,False,False,False,False,False,False,False,False,False,False,False,True,False,False,False,True,False
3.398536782706284,1.1647307408919338,0.40119535863094574,0.24647390410691944,2.7265913531569814,0.36213522868543946,0.33195306515464584,1.028453306470572,0.8221595463527812,18.02894736842105,1.164730740891934,1.9576226925597844,False,False,False,False,True,False,False,False,False,False,False,False,False,False,False,False,True,False,False,True,False,False,False,False,False,False,False,True,False,False,False,False,False,False,False,False,False,False,False,False,False,False,False,False,False,False,False,True,False,False,False,True,False
1.4329651359918285,-0.20100272176074316,0.7974364648707944,0.8283808366507388,0.9584337929579695,0.9861592469871964,0.33195306515464584,-0.33987512703104755,-1.8849511550527178,17.0,-0.2010027217607431,-0.38950550350458973,False,False,False,False,True,False,False,False,False,False,False,False,False,True,False,False,False,False,False,True,False,False,False,False,False,False,False,True,False,False,False,False,False,False,False,False,False,False,False,False,False,False,False,False,False,False,False,True,False,False,False,True,False
-0.5326065107226267,-0.7973928801243576,-1.0148290597920797,0.25912405481439377,-0.21767100952734622,-0.26188878961631745,-2.2406831897938617,-0.6135408137313715,-1.2131866476669089,17.0,-0.7973928801243576,-0.38950550350458973,False,False,False,False,True,False,False,False,False,False,True,False,False,False,False,False,False,False,False,False,True,False,False,False,False,False,False,True,False,False,False,False,False,False,False,False,False,False,False,False,False,False,False,False,False,False,False,True,False,False,False,True,False
-0.5326065107226267,-0.7973928801243576,-1.0148290597920797,0.25912405481439377,-0.21767100952734622,-0.26188878961631745,-2.2406831897938617,-0.6135408137313715,-1.2131866476669089,17.0,-0.7973928801243576,-0.38950550350458973,False,False,False,False,True,False,False,False,False,False,True,False,False,False,False,False,False,False,False,False,True,False,False,False,False,False,True,False,False,False,False,False,False,False,False,False,False,False,False,False,False,False,False,False,False,False,False,True,False,False,False,True,False
-0.5326065107226267,-0.20100272176074316,-1.0148290597920797,0.25912405481439377,-0.21767100952734622,-0.26188878961631745,0.33195306515464584,-0.6135408137313715,-1.2131866476669089,20.0,-0.2010027217607431,-0.38950550350458973,False,False,False,False,True,False,False,False,False,False,True,False,False,False,False,False,False,False,False,True,False,False,False,False,False,False,False,True,False,False,False,False,False,False,False,False,False,False,False,False,False,False,False,False,False,False,False,True,False,False,False,True,False
-0.5326065107226267,-0.20100272176074316,-1.0148290597920797,0.25912405481439377,-0.21767100952734622,-0.26188878961631745,0.33195306515464584,-0.6135408137313715,-1.2131866476669089,17.5,-0.2010027217607431,-0.38950550350458973,False,False,False,False,True,False,False,False,False,False,True,False,False,False,False,False,False,False,False,True,False,False,False,False,False,False,True,False,False,False,False,False,False,False,False,False,False,False,False,False,False,False,False,False,False,False,False,True,False,False,False,True,False
-0.5326065107226267,0.7989447770955838,1.1353164779435336,1.1319844536301227,0.8064202470585069,0.9081562446994768,0.33195306515464584,1.028453306470572,0.0,18.02894736842105,0.7989447770955835,0.6536625836351321,False,False,False,False,True,False,False,False,False,False,False,False,False,False,False,False,True,False,False,False,True,False,False,False,False,False,False,True,False,False,False,False,False,False,False,False,False,False,False,False,False,False,False,False,False,False,False,True,False,False,False,True,False
1.4329651359918285,0.7989447770955838,1.1353164779435336,1.1319844536301227,0.8064202470585069,0.9081562446994768,0.33195306515464584,1.028453306470572,0.0,18.02894736842105,0.7989447770955835,0.6536625836351321,False,False,False,False,True,False,False,False,False,False,False,False,False,False,False,False,True,False,False,False,True,False,False,False,False,False,False,True,False,False,False,False,False,False,False,False,False,False,False,False,False,False,False,False,False,False,False,True,False,False,False,True,False
-0.5326065107226267,0.7989447770955838,1.1353164779435336,1.1319844536301227,0.8064202470585069,0.9081562446994768,0.33195306515464584,1.028453306470572,0.0,18.02894736842105,0.7989447770955835,0.6536625836351321,False,False,False,False,True,False,False,False,False,False,False,False,False,False,False,False,True,False,False,False,True,False,False,False,False,False,True,False,False,False,False,False,False,False,False,False,False,False,False,False,False,False,False,False,False,False,False,True,False,False,False,True,False
1.4329651359918285,0.7989447770955838,1.1353164779435336,1.1319844536301227,0.8064202470585069,0.9081562446994768,0.33195306515464584,1.028453306470572,0.0,18.02894736842105,0.7989447770955835,0.6536625836351321,False,False,False,False,True,False,False,False,False,False,False,False,False,False,False,False,True,False,False,False,True,False,False,False,False,False,True,False,False,False,False,False,False,False,False,False,False,False,False,False,False,False,False,False,False,False,False,True,False,False,False,True,False
-0.5326065107226267,1.19653821600466,1.1353164779435336,1.1319844536301227,0.8064202470585069,0.9081562446994768,0.33195306515464584,1.028453306470572,0.0,18.02894736842105,1.19653821600466,1.9576226925597844,False,False,False,False,True,False,False,False,False,False,False,False,False,False,False,False,True,False,False,True,False,False,False,False,False,False,False,True,False,False,False,False,False,False,False,False,False,False,False,False,False,False,False,False,False,False,False,True,False,False,False,True,False
1.4329651359918285,1.19653821600466,1.1353164779435336,1.1319844536301227,0.8064202470585069,0.9081562446994768,0.33195306515464584,1.028453306470572,0.0,18.02894736842105,1.19653821600466,1.9576226925597844,False,False,False,False,True,False,False,False,False,False,False,False,False,False,False,False,True,False,False,True,False,False,False,False,False,False,False,True,False,False,False,False,False,False,False,False,False,False,False,False,False,False,False,False,False,False,False,True,False,False,False,True,False
-0.5326065107226267,1.19653821600466,1.1353164779435336,1.1319844536301227,0.8064202470585069,0.9081562446994768,0.33195306515464584,1.028453306470572,0.0,18.02894736842105,1.19653821600466,1.9576226925597844,False,False,False,False,True,False,False,False,False,False,False,False,False,False,False,False,True,False,False,True,False,False,False,False,False,False,True,False,False,False,False,False,False,False,False,False,False,False,False,False,False,False,False,False,False,False,False,True,False,False,False,True,False
1.4329651359918285,1.19653821600466,1.1353164779435336,1.1319844536301227,0.8064202470585069,0.9081562446994768,0.33195306515464584,1.028453306470572,0.0,18.02894736842105,1.19653821600466,1.9576226925597844,False,False,False,False,True,False,False,False,False,False,False,False,False,False,False,False,True,False,False,True,False,False,False,False,False,False,True,False,False,False,False,False,False,False,False,False,False,False,False,False,False,False,False,False,False,False,False,True,False,False,False,True,False
1.4329651359918285,1.19653821600466,1.1353164779435336,1.1319844536301227,0.8064202470585069,0.9081562446994768,0.33195306515464584,1.028453306470572,0.0,18.02894736842105,1.19653821600466,1.9576226925597844,False,False,False,False,True,False,False,False,False,False,False,False,False,False,False,False,True,False,False,True,False,False,False,False,False,False,True,False,False,False,False,False,False,False,False,False,False,False,False,False,False,False,False,False,False,False,False,False,False,False,True,True,False
-1.515392334079854,1.1647307408919338,-1.0455454246168743,0.24647390410691944,1.5184836989033579,-1.4319338239321118,0.33195306515464584,0.7547876197702482,0.0,15.2,1.164730740891934,1.9576226925597844,False,False,False,False,True,False,False,False,False,False,False,False,False,False,False,False,True,False,False,True,False,False,False,False,False,False,False,True,False,False,False,False,False,False,False,False,False,False,False,False,False,False,False,False,False,False,False,False,False,True,False,True,False
-1.515392334079854,1.1647307408919338,-1.0455454246168743,0.6892291788685211,1.5184836989033579,-1.4319338239321118,0.33195306515464584,0.7547876197702482,0.0,15.2,1.164730740891934,1.9576226925597844,False,False,False,False,True,False,False,False,False,False,False,False,False,False,False,False,True,False,False,True,False,False,False,False,False,False,False,True,False,False,False,False,False,False,False,False,False,False,False,False,False,False,False,False,False,False,False,False,False,True,False,True,False
-1.515392334079854,1.1647307408919338,-1.0455454246168743,0.6892291788685211,1.5184836989033579,-1.4319338239321118,0.33195306515464584,0.7547876197702482,0.0,9.0,1.164730740891934,1.9576226925597844,False,False,False,False,True,False,False,False,False,False,False,False,False,False,False,False,True,False,False,True,False,False,False,False,False,False,False,False,False,True,False,False,False,False,False,False,False,False,False,False,False,False,False,False,False,False,False,False,False,True,False,True,False
-1.515392334079854,0.7929808755119476,-1.0455454246168743,0.24647390410691944,1.5184836989033579,-1.4319338239321118,0.33195306515464584,0.7547876197702482,0.0,15.2,0.7929808755119476,0.6536625836351321,False,False,False,False,True,False,False,False,False,False,False,False,False,False,False,False,True,False,False,False,True,False,False,False,False,False,False,True,False,False,False,False,False,False,False,False,False,False,False,False,False,False,False,False,False,False,False,False,False,True,False,True,False
-1.515392334079854,0.7929808755119476,-1.0455454246168743,0.6892291788685211,1.5184836989033579,-1.4319338239321118,0.33195306515464584,0.7547876197702482,0.0,15.2,0.7929808755119476,0.6536625836351321,False,False,False,False,True,False,False,False,False,False,False,False,False,False,False,False,True,False,False,False,True,False,False,False,False,False,False,True,False,False,False,False,False,False,False,False,False,False,False,False,False,False,False,False,False,False,False,False,False,True,False,True,False
-1.515392334079854,0.7929808755119476,-1.0455454246168743,0.6892291788685211,1.5184836989033579,-1.4319338239321118,0.33195306515464584,0.7547876197702482,0.0,15.2,0.7929808755119476,0.6536625836351321,False,False,False,False,True,False,False,False,False,False,False,False,False,False,False,False,True,False,False,False,True,False,False,False,False,False,False,False,False,True,False,False,False,False,False,False,False,False,False,False,False,False,False,False,False,False,False,False,False,True,False,True,False
-0.5326065107226267,-0.2705815735698315,-1.0148290597920797,-0.13303061711731054,-0.11366174128034551,-1.0419188124935137,0.33195306515464584,-0.0662094403307236,-0.5013167965565739,17.03,-0.27058157356983176,-0.38950550350458973,False,False,False,False,False,False,False,False,True,False,True,False,False,False,False,False,False,False,False,False,True,False,False,False,True,False,False,False,False,False,False,False,False,False,False,False,False,False,False,False,False,False,False,False,False,False,False,True,False,False,False,True,False
-0.5326065107226267,-0.2705815735698315,-1.0148290597920797,-0.13303061711731054,-0.11366174128034551,-1.0419188124935137,0.33195306515464584,-0.0662094403307236,-0.5013167965565739,18.76,-0.27058157356983176,-0.38950550350458973,False,False,False,False,False,False,False,False,True,False,True,False,False,False,False,False,False,False,False,False,True,False,False,True,False,False,False,False,False,False,False,False,False,False,False,False,False,False,False,False,False,False,False,False,False,False,False,True,False,False,False,True,False
1.4329651359918285,2.2998600089773467,1.4424801261914786,0.6892291788685211,1.446477282424665,0.869154743555617,0.33195306515464584,2.8528912178060652,-0.8221595463527812,14.4,2.299860008977346,1.9576226925597844,False,False,False,False,False,False,False,False,True,False,False,False,False,False,False,False,True,False,False,True,False,False,False,False,False,False,True,False,False,False,False,False,False,False,False,False,False,False,False,False,False,False,False,False,False,False,False,True,False,False,False,True,False
1.4329651359918285,2.2998600089773467,1.4424801261914786,0.6892291788685211,1.446477282424665,0.869154743555617,0.33195306515464584,2.8528912178060652,-0.8221595463527812,14.2,2.299860008977346,1.9576226925597844,False,False,False,False,False,False,False,False,True,False,False,False,False,False,False,False,True,False,False,True,False,False,False,False,False,False,True,False,False,False,False,False,False,False,False,False,False,False,False,False,False,False,False,False,False,False,False,False,False,True,False,True,False
1.4329651359918285,2.2998600089773467,1.4424801261914786,0.6892291788685211,1.446477282424665,0.869154743555617,0.33195306515464584,2.8528912178060652,-0.8221595463527812,14.2,2.299860008977346,1.9576226925597844,False,False,False,False,False,False,False,False,True,False,False,False,False,False,False,False,True,False,False,True,False,False,False,False,False,False,False,False,True,False,False,False,False,False,False,False,False,False,False,False,False,False,False,False,False,False,False,False,False,True,False,True,False
1.4329651359918285,2.2998600089773467,1.4424801261914786,0.6892291788685211,1.446477282424665,0.869154743555617,0.33195306515464584,2.8528912178060652,-0.8221595463527812,14.2,2.299860008977346,1.9576226925597844,False,False,False,False,False,False,False,False,True,False,False,False,False,False,False,False,True,False,False,True,False,False,False,False,False,False,True,False,False,False,False,False,False,False,False,False,False,False,False,False,False,False,False,False,False,False,False,False,False,True,False,True,False
1.4329651359918285,2.2998600089773467,1.4424801261914786,0.6892291788685211,1.446477282424665,0.869154743555617,0.33195306515464584,2.8528912178060652,-0.8221595463527812,14.2,2.299860008977346,1.9576226925597844,False,False,False,False,False,False,False,False,True,False,False,False,False,False,False,False,True,False,False,True,False,False,False,False,False,False,False,False,True,False,False,False,False,False,False,False,False,False,False,False,False,False,False,False,False,False,False,True,False,False,False,True,False
1.4329651359918285,2.2998600089773467,1.4424801261914786,0.6892291788685211,1.446477282424665,0.869154743555617,0.33195306515464584,2.8528912178060652,-0.8221595463527812,14.2,2.299860008977346,1.9576226925597844,False,False,False,False,False,False,False,False,True,False,False,False,False,False,False,False,True,False,False,True,False,False,False,False,False,False,True,False,False,False,False,False,False,False,False,False,False,False,False,False,False,False,False,False,False,False,False,True,False,False,False,True,False
1.4329651359918285,2.1785940101100785,1.4424801261914786,0.6892291788685211,1.446477282424665,0.869154743555617,0.33195306515464584,2.8528912178060652,-0.8221595463527812,14.2,2.178594010110078,1.9576226925597844,False,False,False,False,False,False,False,False,True,False,False,False,False,False,False,False,True,False,False,False,True,False,False,False,True,False,False,False,False,False,False,False,False,False,False,False,False,False,False,False,False,False,False,False,False,False,False,True,False,False,False,True,False
1.4329651359918285,2.1785940101100785,1.4424801261914786,0.6892291788685211,1.446477282424665,0.869154743555617,0.33195306515464584,2.8528912178060652,-0.8221595463527812,14.2,2.178594010110078,1.9576226925597844,False,False,False,False,False,False,False,False,True,False,False,False,False,False,False,False,True,False,False,False,True,False,False,False,False,False,True,False,False,False,False,False,False,False,False,False,False,False,False,False,False,False,False,False,False,False,False,True,False,False,False,True,False
-0.5326065107226267,-0.7973928801243576,-1.0301872422044769,-0.7022873989536556,-1.2337615531711223,-0.8859128079180744,0.33195306515464584,-1.0696502915652446,-0.6015801558678887,22.35,-0.7973928801243576,-0.38950550350458973,False,False,False,False,False,False,False,False,True,False,False,False,True,False,False,False,False,False,False,False,True,False,False,False,False,False,False,False,False,False,False,False,False,False,False,False,False,False,False,False,False,False,False,True,False,False,False,True,False,False,False,True,False
-0.5326065107226267,-0.7973928801243576,-1.0301872422044769,-0.7022873989536556,-1.2337615531711223,-0.8859128079180744,0.33195306515464584,-1.0696502915652446,-0.6015801558678887,22.94,-0.7973928801243576,-0.38950550350458973,False,False,False,False,False,False,False,False,True,False,False,False,True,False,False,False,False,False,False,False,True,False,False,False,False,False,False,False,False,False,False,False,False,False,False,False,False,False,False,True,False,False,False,False,False,False,False,True,False,False,False,True,False
-0.5326065107226267,-0.7973928801243576,-1.5984399914631748,-1.524547194939487,-1.0737472943295827,-1.4319338239321118,0.33195306515464584,-1.0696502915652446,-1.1831076398735143,21.0,-0.7973928801243576,-0.38950550350458973,False,False,True,False,False,False,False,False,False,False,False,False,True,False,False,False,False,False,False,False,True,False,False,False,True,False,False,False,False,False,False,False,False,False,False,False,False,False,False,False,False,False,False,False,False,False,False,True,False,False,False,True,False
-0.5326065107226267,-0.7973928801243576,-1.5984399914631748,-1.524547194939487,-1.0737472943295827,-1.4319338239321118,0.33195306515464584,-1.0696502915652446,-1.1831076398735143,21.0,-0.7973928801243576,-0.38950550350458973,False,False,True,False,False,False,False,False,False,False,False,False,True,False,False,False,False,False,False,False,True,False,False,False,False,False,False,False,False,False,False,False,False,False,False,False,False,False,False,True,False,False,False,False,False,False,False,True,False,False,False,True,False
-0.5326065107226267,-0.7973928801243576,-1.5984399914631748,-1.524547194939487,-1.0737472943295827,-1.4319338239321118,0.33195306515464584,-1.0696502915652446,-1.1831076398735143,22.0,-0.7973928801243576,-0.38950550350458973,False,False,True,False,False,False,False,False,False,False,False,False,True,False,False,False,False,False,False,False,False,True,False,False,True,False,False,False,False,False,False,False,False,False,False,False,False,False,False,False,False,False,False,False,False,False,False,True,False,False,False,True,False
-0.5326065107226267,-1.1929983518388885,-1.5984399914631748,-1.524547194939487,-1.0737472943295827,-1.4319338239321118,0.33195306515464584,-1.0696502915652446,-1.1831076398735143,21.0,-1.1929983518388887,-1.3022775797518462,False,False,True,False,False,False,False,False,False,False,False,False,True,False,False,False,False,False,False,False,True,False,False,False,True,False,False,False,False,False,False,False,False,False,False,False,False,False,False,False,False,False,False,False,False,False,False,True,False,False,False,True,False
-0.5326065107226267,-0.7973928801243576,-1.0148290597920797,-0.32278287772942554,-1.1937579884607374,-0.4178947941917567,0.33195306515464584,-1.0696502915652446,-0.5213694684188368,20.35,-0.7973928801243576,-0.38950550350458973,False,False,True,False,False,False,False,False,False,False,False,False,True,False,False,False,False,False,False,False,True,False,False,False,True,False,False,False,False,False,False,False,False,False,False,False,False,False,False,False,False,False,False,False,False,False,False,True,False,False,False,True,False
-0.5326065107226267,-0.7973928801243576,-1.0148290597920797,-0.32278287772942554,-1.1937579884607374,-0.4178947941917567,0.33195306515464584,-1.0696502915652446,-0.5213694684188368,19.65,-0.7973928801243576,-0.38950550350458973,False,False,True,False,False,False,False,False,False,False,False,False,True,False,False,False,False,False,False,False,True,False,False,False,False,False,False,False,False,False,False,False,False,False,False,False,False,False,False,False,False,False,True,False,False,False,False,True,False,False,False,True,False
-0.5326065107226267,-1.1929983518388885,-1.0148290597920797,-0.32278287772942554,-1.1937579884607374,-0.4178947941917567,0.33195306515464584,-1.0696502915652446,-0.5213694684188368,20.25,-1.1929983518388887,-1.3022775797518462,False,False,True,False,False,False,False,False,False,False,False,False,True,False,False,False,False,False,False,False,True,False,False,False,False,False,False,False,False,False,False,False,False,False,True,False,False,False,False,False,False,False,False,False,False,False,False,True,False,False,False,True,False
-0.5326065107226267,-1.1929983518388885,-1.0148290597920797,-0.32278287772942554,-1.1937579884607374,-0.4178947941917567,0.33195306515464584,-1.0696502915652446,-0.5213694684188368,20.25,-1.1929983518388887,-1.3022775797518462,False,False,True,False,False,False,False,False,False,False,False,False,True,False,False,False,False,False,False,False,True,False,False,False,False,False,False,False,False,False,False,False,False,False,False,False,False,False,False,False,False,False,False,False,False,True,False,True,False,False,False,True,False
-0.5326065107226267,-0.20895459053892468,-1.0148290597920797,-0.32278287772942554,-1.1937579884607374,-0.4178947941917567,0.33195306515464584,-1.0696502915652446,-0.5213694684188368,25.2,-0.20895459053892465,-0.38950550350458973,False,False,True,False,False,False,False,False,False,False,False,False,True,False,False,False,False,False,False,True,False,False,False,False,False,False,False,True,False,False,False,False,False,False,False,False,False,False,False,False,False,False,False,False,False,False,False,True,False,False,False,True,False
-0.5326065107226267,-1.1929983518388885,-1.0148290597920797,-0.32278287772942554,-1.1937579884607374,-0.4178947941917567,0.33195306515464584,-1.0696502915652446,-0.5213694684188368,20.25,-1.1929983518388887,-1.3022775797518462,False,False,True,False,False,False,False,False,False,False,False,False,True,False,False,False,False,False,False,False,True,False,False,False,False,False,False,False,False,False,False,False,False,False,True,False,False,False,False,False,False,False,False,False,False,False,False,True,False,False,False,True,False
-0.5326065107226267,-1.1929983518388885,-1.0148290597920797,-0.32278287772942554,-1.1937579884607374,-0.4178947941917567,0.33195306515464584,-1.0696502915652446,-0.5213694684188368,20.25,-1.1929983518388887,-1.3022775797518462,False,False,True,False,False,False,False,False,False,False,False,False,True,False,False,False,False,False,False,False,True,False,False,False,False,False,False,False,False,False,False,False,False,False,False,False,False,False,False,False,False,False,False,False,False,True,False,True,False,False,False,True,False
-0.5326065107226267,-0.20100272176074316,0.3520491749112746,-0.9046898102732448,-1.433779376723047,-0.26188878961631745,0.33195306515464584,-0.33987512703104755,1.0226862649754107,17.7,-0.2010027217607431,-0.38950550350458973,False,False,True,False,False,False,False,False,False,False,False,False,False,False,False,False,False,True,False,False,True,False,False,False,False,False,False,True,False,False,False,False,False,False,False,False,False,False,False,False,False,False,False,False,False,False,False,True,False,False,False,True,False
-0.5326065107226267,-0.20100272176074316,0.3520491749112746,-0.9046898102732448,-1.433779376723047,-0.26188878961631745,0.33195306515464584,-0.33987512703104755,1.0226862649754107,18.4,-0.2010027217607431,-0.38950550350458973,False,False,True,False,False,False,False,False,False,False,False,False,False,False,False,False,False,True,False,False,True,False,False,False,False,False,False,False,False,False,False,False,False,False,False,False,False,False,False,False,False,False,True,False,False,False,False,True,False,False,False,True,False
-0.5326065107226267,-0.20895459053892468,0.3520491749112746,-0.9046898102732448,-1.433779376723047,-0.26188878961631745,0.33195306515464584,-0.33987512703104755,1.0226862649754107,25.0,-0.20895459053892465,-0.38950550350458973,False,False,True,False,False,False,False,False,False,False,False,False,False,False,False,False,False,True,False,True,False,False,False,False,False,False,False,True,False,False,False,False,False,False,False,False,False,False,False,False,False,False,False,False,False,False,False,True,False,False,False,True,False
-0.5326065107226267,-0.20895459053892468,0.3520491749112746,-0.9046898102732448,-1.433779376723047,-0.26188878961631745,0.33195306515464584,-0.33987512703104755,1.0226862649754107,21.3,-0.20895459053892465,-0.38950550350458973,False,False,True,False,False,False,False,False,False,False,False,False,False,False,False,False,False,True,False,True,False,False,False,False,False,False,True,False,False,False,False,False,False,False,False,False,False,False,False,False,False,False,False,False,False,False,False,True,False,False,False,True,False
-0.5326065107226267,-1.1929983518388885,0.3520491749112746,-0.9046898102732448,-1.433779376723047,-0.26188878961631745,0.33195306515464584,-0.33987512703104755,1.0226862649754107,19.2,-1.1929983518388887,-1.3022775797518462,False,False,True,False,False,False,False,False,False,False,False,False,False,False,False,False,False,True,False,False,True,False,False,False,False,False,False,False,False,False,False,False,False,False,False,False,False,False,False,False,False,True,False,False,False,False,False,True,False,False,False,True,False
-0.5326065107226267,-0.7973928801243576,-1.0148290597920797,-1.524547194939487,-1.0737472943295827,-1.4319338239321118,0.33195306515464584,-1.0696502915652446,0.24063206234715545,21.0,-0.7973928801243576,-0.38950550350458973,False,False,True,False,False,False,False,False,False,False,False,True,False,False,False,False,False,False,False,False,True,False,False,False,True,False,False,False,False,False,False,False,False,False,False,False,False,False,False,False,False,False,False,False,False,False,False,True,False,False,False,True,False
-0.5326065107226267,-0.7973928801243576,-1.0148290597920797,-1.524547194939487,-1.0737472943295827,-1.4319338239321118,0.33195306515464584,-1.0696502915652446,0.24063206234715545,20.0,-0.7973928801243576,-0.38950550350458973,False,False,True,False,False,False,False,False,False,False,False,True,False,False,False,False,False,False,False,False,True,False,False,False,False,False,False,False,False,False,False,False,False,False,False,False,False,False,False,True,False,False,False,False,False,False,False,True,False,False,False,True,False
-0.5326065107226267,-1.1929983518388885,-1.0148290597920797,-1.524547194939487,-1.0737472943295827,-1.4319338239321118,0.33195306515464584,-1.0696502915652446,0.24063206234715545,21.0,-1.1929983518388887,-1.3022775797518462,False,False,True,False,False,False,False,False,False,False,False,True,False,False,False,False,False,False,False,False,True,False,False,False,True,False,False,False,False,False,False,False,False,False,False,False,False,False,False,False,False,False,False,False,False,False,False,True,False,False,False,True,False
-0.5326065107226267,-0.7973928801243576,-1.0148290597920797,-1.524547194939487,-1.0737472943295827,-1.4319338239321118,0.33195306515464584,-1.0696502915652446,0.24063206234715545,28.0,-0.7973928801243576,-0.38950550350458973,False,False,True,False,False,False,False,False,False,False,False,True,False,False,False,False,False,False,False,False,False,True,False,False,True,False,False,False,False,False,False,False,False,False,False,False,False,False,False,False,False,False,False,False,False,False,False,True,False,False,False,True,False
-0.5326065107226267,0.7969568099010383,0.9356601065823696,0.8157306859432645,0.08635608227157893,0.9471577458433366,0.33195306515464584,0.4811219330699243,1.6242664208432993,18.02894736842105,0.7969568099010383,0.6536625836351321,False,False,True,False,False,False,False,False,False,False,False,False,False,False,False,False,True,False,False,False,True,False,False,False,False,False,True,False,False,False,False,False,False,False,False,False,False,False,False,False,False,False,False,False,False,False,False,True,False,False,False,True,False
-0.5326065107226267,0.7929808755119476,0.9356601065823696,0.8157306859432645,0.08635608227157893,0.9471577458433366,0.33195306515464584,0.4811219330699243,1.6242664208432993,12.95,0.7929808755119476,0.6536625836351321,False,False,True,False,False,False,False,False,False,False,False,False,False,False,False,False,True,False,False,True,False,False,False,False,False,False,False,False,False,False,False,False,False,False,False,False,False,False,True,False,False,False,False,False,False,False,False,True,False,False,False,True,False
-0.5326065107226267,0.7929808755119476,0.9356601065823696,0.8157306859432645,0.08635608227157893,0.9471577458433366,0.33195306515464584,0.4811219330699243,1.6242664208432993,16.38,0.7929808755119476,0.6536625836351321,False,False,True,False,False,False,False,False,False,False,False,False,False,False,False,False,True,False,False,True,False,False,False,False,False,False,False,False,False,False,False,False,False,False,False,False,False,False,True,False,False,False,False,False,False,False,False,False,False,True,False,True,False
-0.5326065107226267,-0.7973928801243576,-1.0148290597920797,-0.3860336312667972,-0.297678138948116,-1.0419188124935137,0.33195306515464584,-0.33987512703104755,-0.28073740607168135,17.5,-0.7973928801243576,-0.38950550350458973,False,False,True,False,False,False,False,False,False,False,True,False,False,False,False,False,False,False,False,False,True,False,False,False,True,False,False,False,False,False,False,False,False,False,False,False,False,False,False,False,False,False,False,False,False,False,False,True,False,False,False,True,False
-0.5326065107226267,-1.1929983518388885,-1.0148290597920797,-0.3860336312667972,-0.297678138948116,-1.0419188124935137,0.33195306515464584,-0.33987512703104755,-0.28073740607168135,17.8,-1.1929983518388887,-1.3022775797518462,False,False,True,False,False,False,False,False,False,False,True,False,False,False,False,False,False,False,False,False,True,False,False,False,False,False,False,False,False,False,False,False,False,False,False,False,False,False,False,False,False,False,False,False,False,True,False,True,False,False,False,True,False
-0.5326065107226267,-1.1929983518388885,-1.0148290597920797,-0.3860336312667972,-0.297678138948116,-1.0419188124935137,0.33195306515464584,-0.33987512703104755,-0.28073740607168135,18.1,-1.1929983518388887,-1.3022775797518462,False,False,True,False,False,False,False,False,False,False,True,False,False,False,False,False,False,False,False,False,True,False,False,False,False,False,False,False,False,False,False,False,False,False,True,False,False,False,False,False,False,False,False,False,False,False,False,True,False,False,False,True,False
-0.5326065107226267,-0.20895459053892468,-1.0148290597920797,-0.3860336312667972,-0.297678138948116,-1.0419188124935137,0.33195306515464584,-0.33987512703104755,-0.28073740607168135,23.4,-0.20895459053892465,-0.38950550350458973,False,False,True,False,False,False,False,False,False,False,True,False,False,False,False,False,False,False,False,True,False,False,False,False,False,False,False,True,False,False,False,False,False,False,False,False,False,False,False,False,False,False,False,False,False,False,False,True,False,False,False,True,False
-0.5326065107226267,-0.20895459053892468,-1.0148290597920797,-0.3860336312667972,-0.297678138948116,-1.0419188124935137,0.33195306515464584,-0.33987512703104755,-0.28073740607168135,18.1,-0.20895459053892465,-0.38950550350458973,False,False,True,False,False,False,False,False,False,False,True,False,False,False,False,False,False,False,False,False,True,False,False,False,False,False,False,False,False,False,False,False,False,False,True,False,False,False,False,False,False,False,False,False,False,False,False,True,False,False,False,True,False
-0.5326065107226267,-0.20100272176074316,-0.07797993263584813,-0.13303061711731054,-0.1536653059907304,-0.18388578732859784,0.33195306515464584,0.1162343508028257,0.5514484762122313,16.76,-0.2010027217607431,-0.38950550350458973,False,False,True,False,False,False,False,False,False,False,False,False,False,False,False,False,True,False,False,False,True,False,False,False,False,False,False,False,False,False,False,False,False,False,False,False,False,False,False,False,False,False,True,False,False,False,False,True,False,False,False,True,False
-0.5326065107226267,-0.20100272176074316,-0.07797993263584813,-0.13303061711731054,-0.1536653059907304,-0.18388578732859784,0.33195306515464584,0.1162343508028257,0.5514484762122313,16.76,-0.2010027217607431,-0.38950550350458973,False,False,True,False,False,False,False,False,False,False,False,False,False,False,False,False,True,False,False,False,True,False,False,False,False,False,False,True,False,False,False,False,False,False,False,False,False,False,False,False,False,False,False,False,False,False,False,True,False,False,False,True,False
-0.5326065107226267,-0.4872699977752781,-0.07797993263584813,-0.13303061711731054,-0.1536653059907304,-0.18388578732859784,0.33195306515464584,0.1162343508028257,0.5514484762122313,16.76,-0.4872699977752783,-0.38950550350458973,False,False,True,False,False,False,False,False,False,False,False,False,False,False,False,False,True,False,False,False,True,False,False,False,False,False,False,False,False,False,False,False,False,False,True,False,False,False,False,False,False,False,False,False,False,False,False,True,False,False,False,True,False
-0.5326065107226267,-0.20895459053892468,-0.07797993263584813,-0.13303061711731054,-0.1536653059907304,-0.18388578732859784,0.33195306515464584,0.1162343508028257,0.5514484762122313,21.35,-0.20895459053892465,-0.38950550350458973,False,False,True,False,False,False,False,False,False,False,False,False,False,False,False,False,True,False,False,True,False,False,False,False,False,False,False,True,False,False,False,False,False,False,False,False,False,False,False,False,False,False,False,False,False,False,False,True,False,False,False,True,False
-0.5326065107226267,-0.20895459053892468,-0.07797993263584813,-0.13303061711731054,-0.1536653059907304,-0.18388578732859784,0.33195306515464584,0.1162343508028257,0.5514484762122313,18.46,-0.20895459053892465,-0.38950550350458973,False,False,True,False,False,False,False,False,False,False,False,False,False,False,False,False,True,False,False,True,False,False,False,False,False,False,True,False,False,False,False,False,False,False,False,False,False,False,False,False,False,False,False,False,False,False,False,True,False,False,False,True,False
0.450179312634601,0.7969568099010383,0.5363473638600414,-0.13303061711731054,0.16636321169234872,0.9861592469871964,0.33195306515464584,0.1162343508028257,-1.9852145143640325,14.5,0.7969568099010383,0.6536625836351321,False,False,True,False,False,False,False,False,False,False,False,False,False,False,False,False,True,False,False,False,True,False,False,False,False,False,False,True,False,False,False,False,False,False,False,False,False,False,False,False,False,False,False,False,False,False,False,True,False,False,False,True,False
0.450179312634601,0.7969568099010383,0.5363473638600414,-0.13303061711731054,0.16636321169234872,0.9861592469871964,0.33195306515464584,0.1162343508028257,-1.9852145143640325,14.2,0.7969568099010383,0.6536625836351321,False,False,True,False,False,False,False,False,False,False,False,False,False,False,False,False,True,False,False,False,True,False,False,False,False,False,True,False,False,False,False,False,False,False,False,False,False,False,False,False,False,False,False,False,False,False,False,True,False,False,False,True,False
0.450179312634601,-0.20895459053892468,0.5363473638600414,-0.13303061711731054,0.16636321169234872,0.9861592469871964,0.33195306515464584,0.1162343508028257,-1.9852145143640325,20.4,-0.20895459053892465,-0.38950550350458973,False,False,True,False,False,False,False,False,False,False,False,False,False,False,False,False,True,False,False,True,False,False,False,False,False,False,False,True,False,False,False,False,False,False,False,False,False,False,False,False,False,False,False,False,False,False,False,True,False,False,False,True,False
0.450179312634601,-0.20895459053892468,0.5363473638600414,-0.13303061711731054,0.16636321169234872,0.9861592469871964,0.33195306515464584,0.1162343508028257,-1.9852145143640325,18.1,-0.20895459053892465,-0.38950550350458973,False,False,True,False,False,False,False,False,False,False,False,False,False,False,False,False,True,False,False,True,False,False,False,False,False,False,True,False,False,False,False,False,False,False,False,False,False,False,False,False,False,False,False,False,False,False,False,True,False,False,False,True,False
1.4329651359918285,0.7969568099010383,0.5363473638600414,-0.13303061711731054,0.16636321169234872,0.9861592469871964,0.33195306515464584,0.1162343508028257,-1.9852145143640325,14.5,0.7969568099010383,0.6536625836351321,False,False,True,False,False,False,False,False,False,False,False,False,False,False,False,False,True,False,False,False,True,False,False,False,False,False,False,True,False,False,False,False,False,False,False,False,False,False,False,False,False,False,False,False,False,False,False,True,False,False,False,True,False
1.4329651359918285,0.7969568099010383,0.5363473638600414,-0.13303061711731054,0.16636321169234872,0.9861592469871964,0.33195306515464584,0.1162343508028257,-1.9852145143640325,14.2,0.7969568099010383,0.6536625836351321,False,False,True,False,False,False,False,False,False,False,False,False,False,False,False,False,True,False,False,False,True,False,False,False,False,False,True,False,False,False,False,False,False,False,False,False,False,False,False,False,False,False,False,False,False,False,False,True,False,False,False,True,False
1.4329651359918285,-0.20895459053892468,0.5363473638600414,-0.13303061711731054,0.16636321169234872,0.9861592469871964,0.33195306515464584,0.1162343508028257,-1.9852145143640325,20.4,-0.20895459053892465,-0.38950550350458973,False,False,True,False,False,False,False,False,False,False,False,False,False,False,False,False,True,False,False,True,False,False,False,False,False,False,False,True,False,False,False,False,False,False,False,False,False,False,False,False,False,False,False,False,False,False,False,True,False,False,False,True,False
1.4329651359918285,-0.20895459053892468,0.5363473638600414,-0.13303061711731054,0.16636321169234872,0.9861592469871964,0.33195306515464584,0.1162343508028257,-1.9852145143640325,18.1,-0.20895459053892465,-0.38950550350458973,False,False,True,False,False,False,False,False,False,False,False,False,False,False,False,False,True,False,False,True,False,False,False,False,False,False,True,False,False,False,False,False,False,False,False,False,False,False,False,False,False,False,False,False,False,False,False,True,False,False,False,True,False
-0.5326065107226267,-0.7973928801243576,-1.0148290597920797,-0.13303061711731054,-0.35368312954265485,-1.0419188124935137,0.33195306515464584,-0.33987512703104755,0.14036870303584068,18.4,-0.7973928801243576,-0.38950550350458973,False,False,False,True,False,False,False,False,False,False,True,False,False,False,False,False,False,False,False,False,True,False,False,False,True,False,False,False,False,False,False,False,False,False,False,False,False,False,False,False,False,False,False,False,False,False,False,True,False,False,False,True,False
-0.5326065107226267,-1.1929983518388885,-1.0148290597920797,-0.13303061711731054,-0.35368312954265485,-1.0419188124935137,0.33195306515464584,-0.33987512703104755,0.14036870303584068,18.2,-1.1929983518388887,-1.3022775797518462,False,False,False,True,False,False,False,False,False,False,True,False,False,False,False,False,False,False,False,False,True,False,False,False,False,False,False,False,False,False,True,False,False,False,False,False,False,False,False,False,False,False,False,False,False,False,False,True,False,False,False,True,False
-0.5326065107226267,-1.1929983518388885,-1.0148290597920797,-0.13303061711731054,-0.35368312954265485,-1.0419188124935137,0.33195306515464584,-0.33987512703104755,0.14036870303584068,18.3,-1.1929983518388887,-1.3022775797518462,False,False,False,True,False,False,False,False,False,False,True,False,False,False,False,False,False,False,False,False,True,False,False,False,False,False,False,False,False,False,False,False,False,False,True,False,False,False,False,False,False,False,False,False,False,False,False,True,False,False,False,True,False
-0.5326065107226267,-0.20895459053892468,-1.0148290597920797,-0.13303061711731054,-0.35368312954265485,-1.0419188124935137,0.33195306515464584,-0.33987512703104755,0.14036870303584068,24.1,-0.20895459053892465,-0.38950550350458973,False,False,False,True,False,False,False,False,False,False,True,False,False,False,False,False,False,False,False,True,False,False,False,False,False,False,False,True,False,False,False,False,False,False,False,False,False,False,False,False,False,False,False,False,False,False,False,True,False,False,False,True,False
-0.5326065107226267,-0.20895459053892468,-1.0148290597920797,-0.13303061711731054,-0.35368312954265485,-1.0419188124935137,0.33195306515464584,-0.33987512703104755,0.14036870303584068,19.0,-0.20895459053892465,-0.38950550350458973,False,False,False,True,False,False,False,False,False,False,True,False,False,False,False,False,False,False,False,True,False,False,False,False,False,False,True,False,False,False,False,False,False,False,False,False,False,False,False,False,False,False,False,False,False,False,False,True,False,False,False,True,False
-0.5326065107226267,-0.20100272176074316,-0.03190538539865641,-0.006529110042567212,-0.27367600012188503,-0.18388578732859784,0.33195306515464584,0.1162343508028257,0.5514484762122313,16.5,-0.2010027217607431,-0.38950550350458973,False,False,False,True,False,False,False,False,False,False,False,False,False,False,False,False,True,False,False,False,True,False,False,False,False,False,False,True,False,False,False,False,False,False,False,False,False,False,False,False,False,False,False,False,False,False,False,True,False,False,False,True,False
-0.5326065107226267,-0.20100272176074316,-0.03190538539865641,-0.006529110042567212,-0.27367600012188503,-0.18388578732859784,0.33195306515464584,0.1162343508028257,0.5514484762122313,16.5,-0.2010027217607431,-0.38950550350458973,False,False,False,True,False,False,False,False,False,False,False,False,False,False,False,False,True,False,False,False,True,False,False,False,False,True,False,False,False,False,False,False,False,False,False,False,False,False,False,False,False,False,False,False,False,False,False,True,False,False,False,True,False
-0.5326065107226267,-0.20100272176074316,-0.03190538539865641,-0.006529110042567212,-0.27367600012188503,-0.18388578732859784,0.33195306515464584,0.1162343508028257,0.5514484762122313,16.5,-0.2010027217607431,-0.38950550350458973,False,False,False,True,False,False,False,False,False,False,False,False,False,False,False,False,True,False,False,False,True,False,False,False,False,False,False,False,False,False,False,False,False,False,False,False,False,False,False,False,False,False,True,False,False,False,False,True,False,False,False,True,False
-0.5326065107226267,-0.4872699977752781,-0.03190538539865641,-0.006529110042567212,-0.27367600012188503,-0.18388578732859784,0.33195306515464584,0.1162343508028257,0.5514484762122313,16.4,-0.4872699977752783,-0.38950550350458973,False,False,False,True,False,False,False,False,False,False,False,False,False,False,False,False,True,False,False,False,True,False,False,False,False,False,False,True,False,False,False,False,False,False,False,False,False,False,False,False,False,False,False,False,False,False,False,True,False,False,False,True,False
-0.5326065107226267,-0.4872699977752781,-0.03190538539865641,-0.006529110042567212,-0.27367600012188503,-0.18388578732859784,0.33195306515464584,0.1162343508028257,0.5514484762122313,16.5,-0.4872699977752783,-0.38950550350458973,False,False,False,True,False,False,False,False,False,False,False,False,False,False,False,False,True,False,False,False,True,False,False,False,False,False,False,False,False,False,False,False,False,False,True,False,False,False,False,False,False,False,False,False,False,False,False,True,False,False,False,True,False
-0.5326065107226267,-0.20895459053892468,-0.03190538539865641,-0.006529110042567212,-0.27367600012188503,-0.18388578732859784,0.33195306515464584,0.1162343508028257,0.5514484762122313,21.0,-0.20895459053892465,-0.38950550350458973,False,False,False,True,False,False,False,False,False,False,False,False,False,False,False,False,True,False,False,True,False,False,False,False,False,False,False,True,False,False,False,False,False,False,False,False,False,False,False,False,False,False,False,False,False,False,False,True,False,False,False,True,False
-0.5326065107226267,-0.20895459053892468,-0.03190538539865641,-0.006529110042567212,-0.27367600012188503,-0.18388578732859784,0.33195306515464584,0.1162343508028257,0.5514484762122313,21.0,-0.20895459053892465,-0.38950550350458973,False,False,False,True,False,False,False,False,False,False,False,False,False,False,False,False,True,False,False,True,False,False,False,False,False,True,False,False,False,False,False,False,False,False,False,False,False,False,False,False,False,False,False,False,False,False,False,True,False,False,False,True,False
-0.5326065107226267,-0.20895459053892468,-0.03190538539865641,-0.006529110042567212,-0.27367600012188503,-0.18388578732859784,0.33195306515464584,0.1162343508028257,0.5514484762122313,18.0,-0.20895459053892465,-0.38950550350458973,False,False,False,True,False,False,False,False,False,False,False,False,False,False,False,False,True,False,False,True,False,False,False,False,False,False,True,False,False,False,False,False,False,False,False,False,False,False,False,False,False,False,False,False,False,False,False,True,False,False,False,True,False
1.4329651359918285,1.1945502488101147,2.4254038005849017,2.3337487708401845,0.6864095529273523,3.326249315618785,0.33195306515464584,1.028453306470572,1.6242664208432993,11.01,1.194550248810114,1.9576226925597844,False,False,False,True,False,False,False,False,False,False,False,False,False,True,False,False,False,False,False,True,False,False,False,False,False,False,False,False,False,False,False,False,False,False,False,False,False,False,True,False,False,False,False,False,False,False,False,True,False,False,False,True,False
2.4157509593490563,1.1945502488101147,2.4254038005849017,2.3337487708401845,0.6864095529273523,3.326249315618785,0.33195306515464584,1.028453306470572,1.6242664208432993,11.01,1.194550248810114,1.9576226925597844,False,False,False,True,False,False,False,False,False,False,False,False,False,True,False,False,False,False,False,True,False,False,False,False,False,False,False,False,False,False,False,False,False,False,False,False,False,False,True,False,False,False,False,False,False,False,False,True,False,False,False,True,False
3.398536782706284,1.1945502488101147,2.4254038005849017,2.3337487708401845,0.6864095529273523,3.326249315618785,0.33195306515464584,1.028453306470572,1.6242664208432993,11.01,1.194550248810114,1.9576226925597844,False,False,False,True,False,False,False,False,False,False,False,False,False,True,False,False,False,False,False,True,False,False,False,False,False,False,False,False,False,False,False,False,False,False,False,False,False,False,True,False,False,False,False,False,False,False,False,True,False,False,False,True,False
0.450179312634601,-0.4872699977752781,0.6592128231592194,-0.006529110042567212,0.43038673878088896,1.1421652515626357,0.33195306515464584,-0.33987512703104755,-1.6242664208432993,16.2,-0.4872699977752783,-0.38950550350458973,False,False,False,True,False,False,False,False,False,False,False,False,False,False,True,False,False,False,False,False,True,False,False,False,False,False,False,True,False,False,False,False,False,False,False,False,False,False,False,False,False,False,False,False,False,False,False,True,False,False,False,True,False
0.450179312634601,-0.4872699977752781,0.6592128231592194,-0.006529110042567212,0.43038673878088896,1.1421652515626357,0.33195306515464584,-0.33987512703104755,-1.6242664208432993,16.5,-0.4872699977752783,-0.38950550350458973,False,False,False,True,False,False,False,False,False,False,False,False,False,False,True,False,False,False,False,False,True,False,False,False,False,False,False,False,False,False,False,False,False,False,True,False,False,False,False,False,False,False,False,False,False,False,False,True,False,False,False,True,False
1.4329651359918285,-0.20100272176074316,0.6592128231592194,-0.006529110042567212,0.43038673878088896,1.1421652515626357,0.33195306515464584,-0.33987512703104755,-1.6242664208432993,15.7,-0.2010027217607431,-0.38950550350458973,False,False,False,True,False,False,False,False,False,False,False,False,False,False,True,False,False,False,False,False,True,False,False,False,False,False,False,True,False,False,False,False,False,False,False,False,False,False,False,False,False,False,False,False,False,False,False,True,False,False,False,True,False
0.450179312634601,-0.20895459053892468,0.6592128231592194,-0.006529110042567212,0.43038673878088896,1.1421652515626357,0.33195306515464584,-0.33987512703104755,-1.6242664208432993,21.3,-0.20895459053892465,-0.38950550350458973,False,False,False,True,False,False,False,False,False,False,False,False,False,False,True,False,False,False,False,True,False,False,False,False,False,False,False,True,False,False,False,False,False,False,False,False,False,False,False,False,False,False,False,False,False,False,False,True,False,False,False,True,False
0.450179312634601,-0.20895459053892468,0.6592128231592194,-0.006529110042567212,0.43038673878088896,1.1421652515626357,0.33195306515464584,-0.33987512703104755,-1.6242664208432993,18.4,-0.20895459053892465,-0.38950550350458973,False,False,False,True,False,False,False,False,False,False,False,False,False,False,True,False,False,False,False,True,False,False,False,False,False,False,True,False,False,False,False,False,False,False,False,False,False,False,False,False,False,False,False,False,False,False,False,True,False,False,False,True,False
1.4329651359918285,-0.4872699977752781,0.6592128231592194,-0.006529110042567212,0.43038673878088896,1.1421652515626357,0.33195306515464584,-0.33987512703104755,-1.6242664208432993,16.2,-0.4872699977752783,-0.38950550350458973,False,False,False,True,False,False,False,False,False,False,False,False,False,False,True,False,False,False,False,False,True,False,False,False,False,False,False,True,False,False,False,False,False,False,False,False,False,False,False,False,False,False,False,False,False,False,False,True,False,False,False,True,False
1.4329651359918285,-0.4872699977752781,0.6592128231592194,-0.006529110042567212,0.43038673878088896,1.1421652515626357,0.33195306515464584,-0.33987512703104755,-1.6242664208432993,16.5,-0.4872699977752783,-0.38950550350458973,False,False,False,True,False,False,False,False,False,False,False,False,False,False,True,False,False,False,False,False,True,False,False,False,False,False,False,False,False,False,False,False,False,False,True,False,False,False,False,False,False,False,False,False,False,False,False,True,False,False,False,True,False
1.4329651359918285,-0.20895459053892468,0.6592128231592194,-0.006529110042567212,0.43038673878088896,1.1421652515626357,0.33195306515464584,-0.33987512703104755,-1.6242664208432993,21.3,-0.20895459053892465,-0.38950550350458973,False,False,False,True,False,False,False,False,False,False,False,False,False,False,True,False,False,False,False,True,False,False,False,False,False,False,False,True,False,False,False,False,False,False,False,False,False,False,False,False,False,False,False,False,False,False,False,True,False,False,False,True,False
-0.5326065107226267,0.711474220535587,0.8373677391430273,1.18258505646002,0.414385312896735,0.8379535426405291,0.33195306515464584,0.1162343508028257,0.47123778876317945,16.35,0.7114742205355866,0.6536625836351321,False,False,False,False,False,False,False,True,False,False,False,False,False,False,False,False,True,False,False,True,False,False,False,False,False,False,False,True,False,False,False,False,False,False,False,False,False,False,False,False,False,False,False,False,False,False,False,True,False,False,False,True,False
-0.5326065107226267,0.711474220535587,0.8373677391430273,1.18258505646002,0.414385312896735,0.8379535426405291,0.33195306515464584,0.1162343508028257,0.47123778876317945,14.6,0.7114742205355866,0.6536625836351321,False,False,False,False,False,False,False,True,False,False,False,False,False,False,False,False,True,False,False,True,False,False,False,False,False,False,True,False,False,False,False,False,False,False,False,False,False,False,False,False,False,False,False,False,False,False,False,True,False,False,False,True,False
0.450179312634601,0.711474220535587,1.0308808375392324,1.18258505646002,1.0544423482628933,0.8379535426405291,0.33195306515464584,0.1162343508028257,0.691817179248072,16.14,0.7114742205355866,0.6536625836351321,False,False,False,False,False,False,False,True,False,False,False,False,False,False,False,False,True,False,False,True,False,False,False,False,False,False,False,True,False,False,False,False,False,False,False,False,False,False,False,False,False,False,False,False,False,False,False,True,False,False,False,True,False
0.450179312634601,0.711474220535587,1.0308808375392324,1.18258505646002,1.0544423482628933,0.8379535426405291,0.33195306515464584,0.1162343508028257,0.691817179248072,14.08,0.7114742205355866,0.6536625836351321,False,False,False,False,False,False,False,True,False,False,False,False,False,False,False,False,True,False,False,True,False,False,False,False,False,False,True,False,False,False,False,False,False,False,False,False,False,False,False,False,False,False,False,False,False,False,False,True,False,False,False,True,False
1.4329651359918285,0.711474220535587,1.0308808375392324,1.18258505646002,1.0544423482628933,0.8379535426405291,0.33195306515464584,0.1162343508028257,0.691817179248072,16.14,0.7114742205355866,0.6536625836351321,False,False,False,False,False,False,False,True,False,False,False,False,False,False,False,False,True,False,False,True,False,False,False,False,False,False,False,True,False,False,False,False,False,False,False,False,False,False,False,False,False,False,False,False,False,False,False,True,False,False,False,True,False
1.4329651359918285,0.711474220535587,1.0308808375392324,1.18258505646002,1.0544423482628933,0.8379535426405291,0.33195306515464584,0.1162343508028257,0.691817179248072,14.08,0.7114742205355866,0.6536625836351321,False,False,False,False,False,False,False,True,False,False,False,False,False,False,False,False,True,False,False,True,False,False,False,False,False,False,True,False,False,False,False,False,False,False,False,False,False,False,False,False,False,False,False,False,False,False,False,True,False,False,False,True,False
