Model,Maker,Type,Seats,Displacement,Length,Width,Height,Wheelbase,No_of_Cylinders,Fuel,Engine Type,Transmission,Drive,Fuel Tank Capacity,Boot Space,Fuel Efficiency,Emission Type,Tyre Size,Engine Size,Horsepower
Virtus,Volkswagen,Sedan,5,999.0,4561,1752,1507,2651,3.0,Petrol,1.0L TSI,6-Speed MT,2WD,45.0,521.0,19.4,BS VI,205/55 R16,0.999,75
Virtus,Volkswagen,Sedan,5,999.0,4561,1752,1507,2651,3.0,Petrol,1.0L TSI,6-Speed AT,2WD,45.0,521.0,18.12,BS VI,205/55 R16,0.999,75
Virtus,Volkswagen,Sedan,5,1498.0,4561,1752,1507,2651,4.0,Petrol,1.5L TSI Evo with ACT,7-Speed DSG,2WD,45.0,521.0,18.67,BS VI,205/55 R16,1.498,110
Taigun,Volkswagen,Mid Size SUV,5,999.0,4221,1760,1612,2651,3.0,Petrol,1.0L TSI,6-Speed MT,2WD,50.0,385.0,19.2,BS VI,205/55 R17,0.999,75
Taigun,Volkswagen,Mid Size SUV,5,999.0,4221,1760,1612,2651,3.0,Petrol,1.0L TSI,6-Speed AT,2WD,50.0,385.0,17.23,BS VI,205/55 R17,0.999,75
Taigun,Volkswagen,Mid Size SUV,5,1498.0,4221,1760,1612,2651,3.0,Petrol,1.5L TSI Evo with ACT,6-Speed MT,2WD,50.0,385.0,18.47,BS VI,205/55 R17,1.498,110
Taigun,Volkswagen,Mid Size SUV,5,1498.0,4221,1760,1612,2651,3.0,Petrol,1.5L TSI Evo with ACT,7-Speed DSG,2WD,50.0,385.0,17.88,BS VI,205/55 R17,1.498,110
Tiguan,Volkswagen,SUV,5,1984.0,4509,1839,1665,2679,4.0,Petrol,2L TSI In-Line,7-Speed DSG 4MOTION,2WD,60.0,616.0,12.65,BS VI,235/55 R18,1.984,150
Amaze,Honda,Compact Sedan,5,1199.0,3995,1695,1501,2470,4.0,Petrol,SOHC i-VTEC,5 MT,2WD,35.0,420.0,18.6,BS VI,175/65 R15,1.199,110
Amaze,Honda,Compact Sedan,5,1199.0,3995,1695,1501,2470,4.0,Petrol,SOHC i-VTEC,CVT,2WD,35.0,420.0,18.3,BS VI,175/65 R15,1.199,110
Amaze,Honda,Compact Sedan,5,1498.0,3995,1695,1501,2470,4.0,Diesel,DOHC i-DTEC,5 MT,2WD,35.0,420.0,24.7,BS VI,175/65 R15,1.498,110
Amaze,Honda,Compact Sedan,5,1498.0,3995,1695,1501,2470,4.0,Diesel,DOHC i-DTEC,CVT,2WD,35.0,420.0,21.0,BS VI,175/65 R15,1.498,110
City 5th Gen,Honda,Sedan,5,1498.0,4549,1748,1489,2600,4.0,Petrol,i-VTEC DOHC with VTC,6 MT,2WD,40.0,506.0,17.8,BS VI,185/55 R16,1.498,110
City 5th Gen,Honda,Sedan,5,1498.0,4549,1748,1489,2600,4.0,Petrol,i-VTEC DOHC with VTC,CVT,2WD,40.0,506.0,18.4,BS VI,185/55 R16,1.498,110
City 5th Gen,Honda,Sedan,5,1498.0,4549,1748,1489,2600,4.0,Diesel,DOHC i-DTEC,6 MT,2WD,40.0,506.0,24.1,BS VI,185/55 R16,1.498,110
City e-HEV,Honda,Sedan,5,1498.0,4549,1748,1489,2600,4.0,Petrol Hybrid,Atkinson cycle i-VTEC DOHC with VTC,Single,2WD,40.0,506.0,26.5,BS VI,185/55 R16 87H,1.498,110
City 4th Gen,Honda,Sedan,5,1497.0,4440,1695,1495,2600,4.0,Petrol,SOHC i-VTEC,5 MT,2WD,40.0,510.0,17.4,BS VI,175/65 R15,1.497,110
WR-V,Honda,Compact SUV,5,1199.0,3999,1734,1601,2555,4.0,Petrol,SOHC i-VTEC,5 MT,2WD,40.0,363.0,16.5,BS VI,195/60 R16,1.199,110
WR-V,Honda,Compact SUV,5,1498.0,3999,1734,1601,2555,4.0,Diesel,DOHC i-DTEC,6 MT,2WD,40.0,363.0,23.7,BS VI,195/60 R16,1.498,110
Jazz,Honda,Hatchback,5,1199.0,3989,1694,1544,2530,4.0,Petrol,SOHC i-VTEC,5 MT,2WD,40.0,354.0,16.6,BS VI,175/65 R15,1.199,110
Jazz,Honda,Hatchback,5,1199.0,3989,1694,1544,2530,4.0,Petrol,SOHC i-VTEC,7-Speed CVT,2WD,40.0,354.0,17.1,BS VI,175/65 R15,1.199,110
Kicks,Nissan,SUV,5,1330.0,4384,1813,1669,2673,4.0,Petrol,HR 13DDT,6 MT,2 WD,50.0,400.0,16.0,BS VI,215/65 R16 ,1.33,110
Kicks,Nissan,SUV,5,1330.0,4384,1813,1669,2673,4.0,Petrol,HR 13DDT,CVT,2 WD,50.0,400.0,16.0,BS VI,215/65 R16 ,1.33,110
Kicks,Nissan,SUV,5,1498.0,4384,1813,1669,2673,4.0,Petrol,HR 15,5 MT,2 WD,50.0,400.0,13.9,BS VI,215/65 R16 ,1.498,110
GT-R,Nissan,Sports Car,2,3799.0,4710,1895,1370,2780,6.0,Petrol,VR38DETT,6-Speed DCT,4 WD,74.0,315.0,10.16,Euro 6,285/35/20,3.799,200
Magnite,Nissan,Compact SUV,5,999.0,3994,1758,1572,2500,3.0,Petrol,B4D 1.0L NA,5 MT,2 WD,40.0,336.0,18.75,BS VI,195/60 R16,0.999,75
Magnite,Nissan,Compact SUV,5,999.0,3994,1758,1572,2500,3.0,Petrol,HRAO 1.0L Turbo,5 MT,2 WD,40.0,336.0,20.0,BS VI,195/60 R16,0.999,75
Magnite,Nissan,Compact SUV,5,999.0,3994,1758,1572,2500,3.0,Petrol,HRAO 1.0L Turbo,CVT,2 WD,40.0,336.0,17.7,BS VI,195/60 R16,0.999,75
Kiger,Renault,Compact SUV,5,999.0,3991,1750,1605,2500,3.0,Petrol,1.0L Turbo,CVT,2 WD,40.0,405.0,18.2,BS VI,195/60 R16,0.999,75
Kiger,Renault,Compact SUV,5,999.0,3991,1750,1605,2500,3.0,Petrol,1.0L Turbo,5 MT,2 WD,40.0,405.0,20.5,BS VI,195/60 R16,0.999,75
Kiger,Renault,Compact SUV,5,999.0,3991,1750,1605,2500,3.0,Petrol,1.0L Energy,5 MT,2 WD,40.0,405.0,19.1,BS VI,195/60 R16,0.999,75
Kiger,Renault,Compact SUV,5,999.0,3991,1750,1605,2500,3.0,Petrol,1.0L Energy,AMT,2 WD,40.0,405.0,19.0,BS VI,195/60 R16,0.999,75
Triber,Renault,MUV,7,999.0,3991,1739,1643,2636,3.0,Petrol,1.0L Energy,5 MT,2 WD,40.0,625.0,19.0,BS VI,185/65 R15,0.999,75
Triber,Renault,MUV,7,999.0,3991,1739,1643,2636,3.0,Petrol,1.0L Energy,AMT,2 WD,40.0,625.0,18.2,BS VI,185/65 R15,0.999,75
Kwid,Renault,Hatchback,5,799.0,3731,1579,1490,2422,3.0,Petrol,0.8 SCe,5 MT,2 WD,28.0,279.0,20.7,BS VI,155/80 R13,0.799,75
Kwid,Renault,Hatchback,5,999.0,3731,1579,1490,2422,3.0,Petrol,1.0 Sce,5 MT,2 WD,28.0,279.0,21.7,BS VI,155/80 R13,0.999,75
Kwid,Renault,Hatchback,5,999.0,3731,1579,1490,2422,3.0,Petrol,1.0 Sce,AMT,2 WD,28.0,279.0,22.0,BS VI,155/80 R13,0.999,75
C3,Citroen,Hatchback,5,1198.0,3981,1733,1604,2540,3.0,Petrol,Puretech 82,5 MT,2 WD,30.0,315.0,19.8,BS VI,195/65 R15,1.198,110
C3,Citroen,Hatchback,5,1199.0,3981,1733,1604,2540,3.0,Petrol,Puretech 110,6 MT,2 WD,30.0,315.0,19.4,BS VI,195/65 R15,1.199,110
C5 Aircross,Citroen,SUV,5,1997.0,4500,2099,1710,2730,4.0,Diesel,DW10FC,8 AT,2 WD,52.5,580.0,18.6,BS VI,235/55 R18,1.997,150
Scorpio-N,Mahindra,SUV,6,2000.0,4662,1917,1857,2750,4.0,Petrol,mStallion,6 MT,2WD,57.0,460.0,,BS VI,255/16 R18,2.0,150
Scorpio-N,Mahindra,SUV,6,2000.0,4662,1917,1857,2750,4.0,Petrol,mStallion,6 AT,2WD,57.0,460.0,,BS VI,255/16 R18,2.0,150
Scorpio-N,Mahindra,SUV,7,2000.0,4662,1917,1857,2750,4.0,Petrol,mStallion,6 MT,2WD,57.0,460.0,,BS VI,255/16 R18,2.0,150
Scorpio-N,Mahindra,SUV,7,2000.0,4662,1917,1857,2750,4.0,Petrol,mStallion,6 AT,2WD,57.0,460.0,,BS VI,255/16 R18,2.0,150
Scorpio-N,Mahindra,SUV,6,2000.0,4662,1917,1857,2750,4.0,Diesel,mHawk,6 MT,2WD,57.0,460.0,,BS VI,255/16 R18,2.0,150
Scorpio-N,Mahindra,SUV,6,2000.0,4662,1917,1857,2750,4.0,Diesel,mHawk,6 AT,2WD,57.0,460.0,,BS VI,255/16 R18,2.0,150
Scorpio-N,Mahindra,SUV,7,2000.0,4662,1917,1857,2750,4.0,Diesel,mHawk,6 MT,2WD,57.0,460.0,,BS VI,255/16 R18,2.0,150
Scorpio-N,Mahindra,SUV,7,2000.0,4662,1917,1857,2750,4.0,Diesel,mHawk,6 AT,2WD,57.0,460.0,,BS VI,255/16 R18,2.0,150
Scorpio-N,Mahindra,SUV,7,2000.0,4662,1917,1857,2750,4.0,Diesel,mHawk,6 MT,4WD,57.0,460.0,,BS VI,255/16 R18,2.0,150
Scorpio-N,Mahindra,SUV,7,2000.0,4662,1917,1857,2750,4.0,Diesel,mHawk,6 AT,4WD,57.0,460.0,,BS VI,255/16 R18,2.0,150
Scorpio Classic,Mahindra,SUV,7,2184.0,4456,1820,1995,2680,4.0,Diesel,mHawk,6 MT,2WD,60.0,460.0,,BS VI,235/65 R17,2.184,200
Scorpio Classic,Mahindra,SUV,9,2184.0,4456,1820,1995,2680,4.0,Diesel,mHawk,6 MT,2WD,60.0,460.0,,BS VI,235/65 R17,2.184,200
Marazzo,Mahindra,MPV,7,1497.0,4585,1866,1774,2760,4.0,Diesel,D15,6 MT,2WD,45.0,190.0,17.0,BS VI,215/60 R17,1.497,110
XUV 300,Mahindra,Compact SUV,5,1197.0,3995,1821,1627,2600,3.0,Petrol,Turbo Petrol,6 MT,2WD,42.0,257.0,17.0,BS VI,205/65 R16,1.197,110
XUV 300,Mahindra,Compact SUV,5,1197.0,3995,1821,1627,2600,3.0,Petrol,Turbo Petrol,6 AT,2WD,42.0,257.0,17.0,BS VI,205/65 R16,1.197,110
XUV 300,Mahindra,Compact SUV,5,1497.0,3995,1821,1627,2600,4.0,Diesel,Turbo Diesel,6 MT,2WD,42.0,257.0,20.0,BS VI,205/65 R16,1.497,110
XUV 300,Mahindra,Compact SUV,5,1497.0,3995,1821,1627,2600,4.0,Diesel,Turbo Diesel,6 AT,2WD,42.0,257.0,17.5,BS VI,205/65 R16,1.497,110
XUV 700,Mahindra,SUV,5,2000.0,4695,1890,1755,2750,4.0,Petrol,mStallion,6 MT,2WD,60.0,,,BS VI,235/60 R18,2.0,150
XUV 700,Mahindra,SUV,7,2000.0,4695,1890,1755,2750,4.0,Petrol,mStallion,6 MT,2WD,60.0,,,BS VI,235/60 R18,2.0,150
XUV 700,Mahindra,SUV,5,2000.0,4695,1890,1755,2750,4.0,Petrol,mStallion,6 AT,2WD,60.0,,,BS VI,235/60 R18,2.0,150
XUV 700,Mahindra,SUV,7,2000.0,4695,1890,1755,2750,4.0,Petrol,mStallion,6 AT,2WD,60.0,,,BS VI,235/60 R18,2.0,150
XUV 700,Mahindra,SUV,5,2200.0,4695,1890,1755,2750,4.0,Diesel,mHawk,6 MT,2WD,60.0,,,BS VI,235/60 R18,2.2,200
XUV 700,Mahindra,SUV,7,2200.0,4695,1890,1755,2750,4.0,Diesel,mHawk,6 MT,2WD,60.0,,,BS VI,235/60 R18,2.2,200
XUV 700,Mahindra,SUV,5,2200.0,4695,1890,1755,2750,4.0,Diesel,mHawk,6 AT,2WD,60.0,,,BS VI,235/60 R18,2.2,200
XUV 700,Mahindra,SUV,7,2200.0,4695,1890,1755,2750,4.0,Diesel,mHawk,6 AT,2WD,60.0,,,BS VI,235/60 R18,2.2,200
XUV 700,Mahindra,SUV,7,2200.0,4695,1890,1755,2750,4.0,Diesel,mHawk,6 AT,AWD,60.0,,,BS VI,235/60 R18,2.2,200
Thar AX OPT,Mahindra,SUV,4,2184.0,3985,1820,1844,2450,4.0,Diesel,mHawk 130,6 MT,4WD,57.0,,15.2,BS VI,245/75 R16,2.184,200
Thar LX,Mahindra,SUV,4,2184.0,3985,1855,1844,2450,4.0,Diesel,mHawk 130,6 MT,4WD,57.0,,15.2,BS VI,255/65 R18,2.184,200
Thar LX,Mahindra,SUV,4,2184.0,3985,1855,1844,2450,4.0,Diesel,mHawk 130,6 TC Automatic,4WD,57.0,,9.0,BS VI,255/65 R18,2.184,200
Thar AX OPT,Mahindra,SUV,4,1997.0,3985,1820,1844,2450,4.0,Petrol,mStallion 150,6 MT,4WD,57.0,,15.2,BS VI,245/75 R16,1.997,150
Thar LX,Mahindra,SUV,4,1997.0,3985,1855,1844,2450,4.0,Petrol,mStallion 150,6 MT,4WD,57.0,,15.2,BS VI,255/65 R18,1.997,150
Thar LX,Mahindra,SUV,4,1997.0,3985,1855,1844,2450,4.0,Petrol,mStallion 150,6 TC Automatic,4WD,57.0,,15.2,BS VI,255/65 R18,1.997,150
Urban Cruiser,Toyota,Compact SUV,5,1462.0,3995,1790,1640,2500,4.0,Petrol,1.5L K Series,5 MT,2WD,48.0,328.0,17.03,BS VI,215/60 R16,1.462,110
Urban Cruiser,Toyota,Compact SUV,5,1462.0,3995,1790,1640,2500,4.0,Petrol,1.5L K Series,4 AT,2WD,48.0,328.0,18.76,BS VI,215/60 R16,1.462,110
Fortuner Legender,Toyota,SUV,7,2755.0,4795,1855,1835,2745,4.0,Diesel,2.8L Diesel,6 AT,2WD,80.0,296.0,14.4,BS VI,265/60 R18,2.755,200
Fortuner Legender,Toyota,SUV,7,2755.0,4795,1855,1835,2745,4.0,Diesel,2.8L Diesel,6 AT,4WD,80.0,296.0,14.2,BS VI,265/60 R18,2.755,200
Fortuner,Toyota,SUV,7,2755.0,4795,1855,1835,2745,4.0,Diesel,2.8L Diesel,6 MT with iMT,4WD,80.0,296.0,14.2,BS VI,265/60 R18,2.755,200
Fortuner,Toyota,SUV,7,2755.0,4795,1855,1835,2745,4.0,Diesel,2.8L Diesel,6 AT,4WD,80.0,296.0,14.2,BS VI,265/60 R18,2.755,200
Fortuner,Toyota,SUV,7,2755.0,4795,1855,1835,2745,4.0,Diesel,2.8L Diesel,6 MT with iMT,2WD,80.0,296.0,14.2,BS VI,265/65 R17,2.755,200
Fortuner,Toyota,SUV,7,2755.0,4795,1855,1835,2745,4.0,Diesel,2.8L Diesel,6 AT,2WD,80.0,296.0,14.2,BS VI,265/65 R17,2.755,200
Fortuner,Toyota,SUV,7,2694.0,4795,1855,1835,2745,4.0,Petrol,2.7L Petrol,5 MT,2WD,80.0,296.0,14.2,BS VI,265/65 R17,2.694,200
Fortuner,Toyota,SUV,7,2694.0,4795,1855,1835,2745,4.0,Petrol,2.7L Petrol,6 AT,2WD,80.0,296.0,14.2,BS VI,265/65 R17,2.694,200
Glanza,Toyota,Hatchback,5,1197.0,3990,1745,1500,2520,4.0,Petrol,K12 N,MT,2WD,37.0,318.0,22.35,BS VI,185/65 R16,1.197,110
Glanza,Toyota,Hatchback,5,1197.0,3990,1745,1500,2520,4.0,Petrol,K12 N,AMT,2WD,37.0,318.0,22.94,BS VI,185/65 R16,1.197,110
Grand i10 Nios,Hyundai,Hatchback,5,1197.0,3805,1680,1520,2450,4.0,Petrol,1.2L Kappa,5 MT,2WD,37.0,260.0,21.0,BS VI,175/60 R15,1.197,110
Grand i10 Nios,Hyundai,Hatchback,5,1197.0,3805,1680,1520,2450,4.0,Petrol,1.2L Kappa,AMT,2WD,37.0,260.0,21.0,BS VI,175/60 R15,1.197,110
Grand i10 Nios,Hyundai,Hatchback,5,1197.0,3805,1680,1520,2450,4.0,Petrol + CNG,1.2L Kappa,5 MT,2WD,37.0,260.0,22.0,BS VI,175/60 R15,1.197,110
Grand i10 Nios,Hyundai,Hatchback,5,998.0,3805,1680,1520,2450,4.0,Petrol,1.0L Turbo GDi,5 MT,2WD,37.0,260.0,21.0,BS VI,175/60 R15,0.998,75
i20,Hyundai,Hatchback,5,1197.0,3995,1775,1505,2580,4.0,Petrol,1.2L Kappa,5 MT,2WD,37.0,326.0,20.35,BS VI,195/55 R16,1.197,110
i20,Hyundai,Hatchback,5,1197.0,3995,1775,1505,2580,4.0,Petrol,1.2L Kappa,IVT,2WD,37.0,326.0,19.65,BS VI,195/55 R16,1.197,110
i20,Hyundai,Hatchback,5,998.0,3995,1775,1505,2580,4.0,Petrol,1.0L Turbo GDi,7 DCT,2WD,37.0,326.0,20.25,BS VI,195/55 R16,0.998,75
i20,Hyundai,Hatchback,5,998.0,3995,1775,1505,2580,4.0,Petrol,1.0L Turbo GDi,iMT,2WD,37.0,326.0,20.25,BS VI,195/55 R16,0.998,75
i20,Hyundai,Hatchback,5,1493.0,3995,1775,1505,2580,4.0,Diesel,1.5L U2,6 MT,2WD,37.0,326.0,25.2,BS VI,195/55 R16,1.493,110
i20 N-Line,Hyundai,Hatchback,5,998.0,3995,1775,1505,2580,4.0,Petrol,1.0L Turbo Gdi,7 DCT,2WD,37.0,326.0,20.25,BS VI,195/55 R16,0.998,75
i20 N-Line,Hyundai,Hatchback,5,998.0,3995,1775,1505,2580,4.0,Petrol,1.0L Turbo Gdi,iMT,2WD,37.0,326.0,20.25,BS VI,195/55 R16,0.998,75
Verna,Hyundai,Sedan,5,1497.0,4440,1729,1475,2600,4.0,Petrol,1.5L Mpi,6 MT,2WD,45.0,480.0,17.7,BS VI,195/55 R16,1.497,110
Verna,Hyundai,Sedan,5,1497.0,4440,1729,1475,2600,4.0,Petrol,1.5L Mpi,IVT,2WD,45.0,480.0,18.4,BS VI,195/55 R16,1.497,110
Verna,Hyundai,Sedan,5,1493.0,4440,1729,1475,2600,4.0,Diesel,1.5L U2 CRDi,6 MT,2WD,45.0,480.0,25.0,BS VI,195/55 R16,1.493,110
Verna,Hyundai,Sedan,5,1493.0,4440,1729,1475,2600,4.0,Diesel,1.5L U2 CRDi,6 AT,2WD,45.0,480.0,21.3,BS VI,195/55 R16,1.493,110
Verna,Hyundai,Sedan,5,998.0,4440,1729,1475,2600,4.0,Petrol,1.0L Turbo GDi,DCT,2WD,45.0,480.0,19.2,BS VI,195/55 R16,0.998,75
Aura,Hyundai,Compact Sedan,5,1197.0,3995,1680,1520,2450,4.0,Petrol,1.2L Kappa,5 MT,2WD,37.0,402.0,21.0,BS VI,175/60 R15,1.197,110
Aura,Hyundai,Compact Sedan,5,1197.0,3995,1680,1520,2450,4.0,Petrol,1.2L Kappa,AMT,2WD,37.0,402.0,20.0,BS VI,175/60 R15,1.197,110
Aura,Hyundai,Compact Sedan,5,998.0,3995,1680,1520,2450,4.0,Petrol,1.0L Turbo GDi,5 MT,2WD,37.0,402.0,21.0,BS VI,175/60 R15,0.998,75
Aura,Hyundai,Compact Sedan,5,1197.0,3995,1680,1520,2450,4.0,Petrol + CNG,1.2L Bi-Fuel (Petrol with CNG),5 MT,2WD,37.0,402.0,28.0,BS VI,175/60 R15,1.197,110
Tucson,Hyundai,SUV,5,1999.0,4630,1865,1665,2755,4.0,Petrol,Nu 2.0 Petrol,6 AT,2WD,54.0,540.0,,BS VI,235/60 R18,1.999,150
Tucson,Hyundai,SUV,5,1997.0,4630,1865,1665,2755,4.0,Diesel,R 2.0 Diesel,8 AT,2WD,54.0,540.0,12.95,BS VI,235/60 R18,1.997,150
Tucson,Hyundai,SUV,5,1997.0,4630,1865,1665,2755,4.0,Diesel,R 2.0 Diesel,8 AT,4WD,54.0,540.0,16.38,BS VI,235/60 R18,1.997,150
Kona Electric,Hyundai,SUV,5,,4180,1800,1570,2600,,Electric,Permanent magnet synchronous motor (PMSM),,2WD,,332.0,,,215/55 R17,,200
Venue,Hyundai,Compact SUV,5,1197.0,3995,1770,1617,2500,4.0,Petrol,1.2L Kappa,5 MT,2WD,45.0,350.0,17.5,BS VI,195/65 R15,1.197,110
Venue,Hyundai,Compact SUV,5,998.0,3995,1770,1617,2500,4.0,Petrol,1.0L Kappa Turbo GDi,iMT,2WD,45.0,350.0,17.8,BS VI,215/60 R16,0.998,75
Venue,Hyundai,Compact SUV,5,998.0,3995,1770,1617,2500,4.0,Petrol,1.0L Kappa Turbo GDi,7 DCT,2WD,45.0,350.0,18.1,BS VI,215/60 R16,0.998,75
Venue,Hyundai,Compact SUV,5,1493.0,3995,1770,1617,2500,4.0,Diesel,1.5L U2 CRDi,6 MT,2WD,45.0,350.0,23.4,BS VI,215/60 R16,1.493,110
Venue N-Line,Hyundai,Compact SUV,5,1493.0,3995,1770,1617,2500,4.0,Petrol,1.0L Kappa Turbo GDi,7 DCT,2WD,45.0,350.0,18.1,BS VI,215/60 R16,1.493,110
Creta,Hyundai,SUV,5,1497.0,4300,1790,1635,2610,4.0,Petrol,1.5L MPi,IVT,2WD,50.0,433.0,16.76,BS VI,215/60 R17,1.497,110
Creta,Hyundai,SUV,5,1497.0,4300,1790,1635,2610,4.0,Petrol,1.5L MPi,6 MT,2WD,50.0,433.0,16.76,BS VI,215/60 R17,1.497,110
Creta,Hyundai,SUV,5,1353.0,4300,1790,1635,2610,4.0,Petrol,1.4L Kappa Turbo GDi,7 DCT,2WD,50.0,433.0,16.76,BS VI,215/60 R17,1.353,110
Creta,Hyundai,SUV,5,1493.0,4300,1790,1635,2610,4.0,Diesel,1.5L U2 CRDi,6 MT,2WD,50.0,433.0,21.35,BS VI,215/60 R17,1.493,110
Creta,Hyundai,SUV,5,1493.0,4300,1790,1635,2610,4.0,Diesel,1.5L U2 CRDi,6 AT,2WD,50.0,433.0,18.46,BS VI,215/60 R17,1.493,110
Alcazar,Hyundai,SUV,6,1999.0,4500,1790,1675,2760,4.0,Petrol,2.0L Mpi,6 MT,2WD,50.0,180.0,14.5,BS VI,215/55 R18,1.999,150
Alcazar,Hyundai,SUV,6,1999.0,4500,1790,1675,2760,4.0,Petrol,2.0L Mpi,6 AT,2WD,50.0,180.0,14.2,BS VI,215/55 R18,1.999,150
Alcazar,Hyundai,SUV,6,1493.0,4500,1790,1675,2760,4.0,Diesel,1.5L CRDi,6 MT,2WD,50.0,180.0,20.4,BS VI,215/55 R18,1.493,110
Alcazar,Hyundai,SUV,6,1493.0,4500,1790,1675,2760,4.0,Diesel,1.5L CRDi,6 AT,2WD,50.0,180.0,18.1,BS VI,215/55 R18,1.493,110
Alcazar,Hyundai,SUV,7,1999.0,4500,1790,1675,2760,4.0,Petrol,2.0L Mpi,6 MT,2WD,50.0,180.0,14.5,BS VI,215/55 R18,1.999,150
Alcazar,Hyundai,SUV,7,1999.0,4500,1790,1675,2760,4.0,Petrol,2.0L Mpi,6 AT,2WD,50.0,180.0,14.2,BS VI,215/55 R18,1.999,150
Alcazar,Hyundai,SUV,7,1493.0,4500,1790,1675,2760,4.0,Diesel,1.5L CRDi,6 MT,2WD,50.0,180.0,20.4,BS VI,215/55 R18,1.493,110
Alcazar,Hyundai,SUV,7,1493.0,4500,1790,1675,2760,4.0,Diesel,1.5L CRDi,6 AT,2WD,50.0,180.0,18.1,BS VI,215/55 R18,1.493,110
Sonet,Kia,Compact SUV,5,1197.0,3995,1790,1610,2500,4.0,Petrol,Smartstream G1.2 ,5 MT,2WD,45.0,392.0,18.4,BS VI,195/65 R15,1.197,110
Sonet,Kia,Compact SUV,5,998.0,3995,1790,1610,2500,4.0,Petrol,G1.0 T - GDi,6 iMT,2WD,45.0,392.0,18.2,BS VI,195/65 R15,0.998,75
Sonet,Kia,Compact SUV,5,998.0,3995,1790,1610,2500,4.0,Petrol,G1.0 T - GDi,7 DCT,2WD,45.0,392.0,18.3,BS VI,195/65 R15,0.998,75
Sonet,Kia,Compact SUV,5,1493.0,3995,1790,1610,2500,4.0,Diesel,1.5L CRDi WGT,6 MT,2WD,45.0,392.0,24.1,BS VI,195/65 R15,1.493,110
Sonet,Kia,Compact SUV,5,1493.0,3995,1790,1610,2500,4.0,Diesel,1.5L CRDi VGT,6 AT,2WD,45.0,392.0,19.0,BS VI,195/65 R15,1.493,110
Seltos,Kia,SUV,5,1497.0,4315,1800,1620,2610,4.0,Petrol,Smartstream G1.5 ,6 MT,2WD,50.0,433.0,16.5,BS VI,215/60 R17,1.497,110
Seltos,Kia,SUV,5,1497.0,4315,1800,1620,2610,4.0,Petrol,Smartstream G1.5 ,6  iMT,2WD,50.0,433.0,16.5,BS VI,215/60 R17,1.497,110
Seltos,Kia,SUV,5,1497.0,4315,1800,1620,2610,4.0,Petrol,Smartstream G1.5 ,IVT,2WD,50.0,433.0,16.5,BS VI,215/60 R17,1.497,110
Seltos,Kia,SUV,5,1353.0,4315,1800,1620,2610,4.0,Petrol,Smartstream G1.4 T - GDi ,6 MT,2WD,50.0,433.0,16.4,BS VI,215/60 R17,1.353,110
Seltos,Kia,SUV,5,1353.0,4315,1800,1620,2610,4.0,Petrol,Smartstream G1.4 T - GDi ,7 DCT,2WD,50.0,433.0,16.5,BS VI,215/60 R17,1.353,110
Seltos,Kia,SUV,5,1493.0,4315,1800,1620,2610,4.0,Diesel,1.5L CRDi VGT,6 MT,2WD,50.0,433.0,21.0,BS VI,215/60 R17,1.493,110
Seltos,Kia,SUV,5,1493.0,4315,1800,1620,2610,4.0,Diesel,1.5L CRDi VGT,6  iMT,2WD,50.0,433.0,21.0,BS VI,215/60 R17,1.493,110
Seltos,Kia,SUV,5,1493.0,4315,1800,1620,2610,4.0,Diesel,1.5L CRDi VGT,6 AT,2WD,50.0,433.0,18.0,BS VI,215/60 R17,1.493,110
Carnival,Kia,MPV,7,2199.0,5115,1985,1740,3060,4.0,Diesel,2.2L CRDi VGT,8 AT,2WD,60.0,540.0,11.01,BS VI,235/60 R18,2.199,200
Carnival,Kia,MPV,8,2199.0,5115,1985,1740,3060,4.0,Diesel,2.2L CRDi VGT,8 AT,2WD,60.0,540.0,11.01,BS VI,235/60 R18,2.199,200
Carnival,Kia,MPV,9,2199.0,5115,1985,1740,3060,4.0,Diesel,2.2L CRDi VGT,8 AT,2WD,60.0,540.0,11.01,BS VI,235/60 R18,2.199,200
Carens,Kia,MUV,6,1353.0,4540,1800,1708,2780,4.0,Petrol,Smartstream G1.4 T-GDi,6 MT,2WD,45.0,216.0,16.2,BS VI,205/65 R16,1.353,110
Carens,Kia,MUV,6,1353.0,4540,1800,1708,2780,4.0,Petrol,Smartstream G1.4 T-GDi,7 DCT,2WD,45.0,216.0,16.5,BS VI,205/65 R16,1.353,110
Carens,Kia,MUV,7,1497.0,4540,1800,1708,2780,4.0,Petrol,Smartstream G1.5,6 MT,2WD,45.0,216.0,15.7,BS VI,205/65 R16,1.497,110
Carens,Kia,MUV,6,1493.0,4540,1800,1708,2780,4.0,Diesel,1.5L CRDi VGT,6 MT,2WD,45.0,216.0,21.3,BS VI,205/65 R16,1.493,110
Carens,Kia,MUV,6,1493.0,4540,1800,1708,2780,4.0,Diesel,1.5L CRDi VGT,6 AT,2WD,45.0,216.0,18.4,BS VI,205/65 R16,1.493,110
Carens,Kia,MUV,7,1353.0,4540,1800,1708,2780,4.0,Petrol,Smartstream G1.4 T-GDi,6 MT,2WD,45.0,216.0,16.2,BS VI,205/65 R16,1.353,110
Carens,Kia,MUV,7,1353.0,4540,1800,1708,2780,4.0,Petrol,Smartstream G1.4 T-GDi,7 DCT,2WD,45.0,216.0,16.5,BS VI,205/65 R16,1.353,110
Carens,Kia,MUV,7,1493.0,4540,1800,1708,2780,4.0,Diesel,1.5L CRDi VGT,6 MT,2WD,45.0,216.0,21.3,BS VI,205/65 R16,1.493,110
Harrier,Tata,SUV,5,1956.0,4598,1894,1706,2741,4.0,Diesel,Kryotech 2.0L Turbocharged,6 MT,2WD,50.0,425.0,16.35,BS VI,235/70 R16,1.956,150
Harrier,Tata,SUV,5,1956.0,4598,1894,1706,2741,4.0,Diesel,Kryotech 2.0L Turbocharged,6 AT,2WD,50.0,425.0,14.6,BS VI,235/70 R16,1.956,150
Safari,Tata,SUV,6,1956.0,4661,1894,1786,2741,4.0,Diesel,Kryotech 2.0L Turbocharged,6 MT,2WD,50.0,447.0,16.14,BS VI,235/60 R18,1.956,150
Safari,Tata,SUV,6,1956.0,4661,1894,1786,2741,4.0,Diesel,Kryotech 2.0L Turbocharged,6 AT,2WD,50.0,447.0,14.08,BS VI,235/60 R18,1.956,150
Safari,Tata,SUV,7,1956.0,4661,1894,1786,2741,4.0,Diesel,Kryotech 2.0L Turbocharged,6 MT,2WD,50.0,447.0,16.14,BS VI,235/60 R18,1.956,150
Safari,Tata,SUV,7,1956.0,4661,1894,1786,2741,4.0,Diesel,Kryotech 2.0L Turbocharged,6 AT,2WD,50.0,447.0,14.08,BS VI,235/60 R18,1.956,150
